{"Version":"0.0.0","Data":{"Fires":"{\"Version\":\"0.0.0\",\"FiresPerStructureType\":{\"32\":[{\"PutOutChance\":1,\"Fuel\":0.00195617415,\"FuelDrainRate\":1.0},{\"PutOutChance\":1,\"Fuel\":0.0001,\"FuelDrainRate\":1.0},{\"PutOutChance\":1,\"Fuel\":0.0001,\"FuelDrainRate\":1.0},{\"PutOutChance\":1,\"Fuel\":0.0001,\"FuelDrainRate\":1.0},{\"PutOutChance\":1,\"Fuel\":0.0001,\"FuelDrainRate\":1.0},{\"Fuel\":0.00124120153,\"FuelDrainRate\":1.0},{\"PutOutChance\":1,\"Fuel\":0.00265420787,\"FuelDrainRate\":1.0},{\"PutOutChance\":1,\"Fuel\":0.0039491225,\"FuelDrainRate\":1.0},{\"PutOutChance\":1,\"Fuel\":0.0001,\"FuelDrainRate\":1.0},{\"PutOutChance\":1,\"Fuel\":0.00343404338,\"FuelDrainRate\":1.0},{\"PutOutChance\":1,\"Fuel\":0.0001,\"FuelDrainRate\":1.0},{\"PutOutChance\":1,\"Fuel\":0.0001,\"FuelDrainRate\":1.0},{\"PutOutChance\":1,\"Fuel\":0.003163902,\"FuelDrainRate\":1.0},{\"PutOutChance\":1,\"Fuel\":0.0001,\"FuelDrainRate\":1.0},{\"PutOutChance\":1,\"Fuel\":0.0001,\"FuelDrainRate\":1.0},{\"PutOutChance\":1,\"Fuel\":0.0001,\"FuelDrainRate\":1.0},{\"PutOutChance\":1,\"Fuel\":0.0001,\"FuelDrainRate\":1.0},{\"Fuel\":0.0001,\"FuelDrainRate\":1.0},{\"PutOutChance\":1,\"Fuel\":0.0001,\"FuelDrainRate\":1.0},{\"PutOutChance\":1,\"Fuel\":0.009857506,\"FuelDrainRate\":1.0},{\"Fuel\":0.0001,\"FuelDrainRate\":1.0},{\"PutOutChance\":1,\"Fuel\":0.0001,\"FuelDrainRate\":1.0},{\"PutOutChance\":1,\"Fuel\":0.0001,\"FuelDrainRate\":1.0},{\"Fuel\":0.009346127,\"FuelDrainRate\":1.0},{\"PutOutChance\":1,\"Fuel\":0.005022416,\"FuelDrainRate\":1.0},{\"PutOutChance\":2,\"Fuel\":120.0,\"FuelDrainRate\":1.0},{\"PutOutChance\":1,\"Fuel\":0.005469799,\"FuelDrainRate\":1.0},{\"PutOutChance\":1,\"Fuel\":0.0001,\"FuelDrainRate\":1.0},{\"Fuel\":0.006736601,\"FuelDrainRate\":1.0},{\"PutOutChance\":1,\"Fuel\":0.009337051,\"FuelDrainRate\":1.0},{\"PutOutChance\":1,\"Fuel\":0.00185400248,\"FuelDrainRate\":1.0},{\"PutOutChance\":1,\"Fuel\":0.0001,\"FuelDrainRate\":1.0},{\"PutOutChance\":1,\"Fuel\":0.0001,\"FuelDrainRate\":1.0},{\"PutOutChance\":2,\"Fuel\":120.0,\"FuelDrainRate\":1.0},{\"PutOutChance\":1,\"Fuel\":0.008329481,\"FuelDrainRate\":1.0},{\"PutOutChance\":1,\"Fuel\":0.000878833234,\"FuelDrainRate\":1.0},{\"PutOutChance\":1,\"Fuel\":0.005652395,\"FuelDrainRate\":1.0},{\"PutOutChance\":1,\"Fuel\":0.0001,\"FuelDrainRate\":1.0},{\"PutOutChance\":-1,\"Fuel\":0.0001,\"FuelDrainRate\":0.4642857},{\"PutOutChance\":-1,\"Fuel\":0.00732066948,\"FuelDrainRate\":1.0},{\"PutOutChance\":1,\"Fuel\":0.0001,\"FuelDrainRate\":0.785714269},{\"IsLit\":true,\"PutOutChance\":1,\"Fuel\":1190.35583,\"FuelDrainRate\":0.25}]}}"}}