{"Version":"0.0.0","Data":{"FreeFormFreeLinksManager":"{\"_supportingStructuresData\":[{\"Structure\":{\"_typeId\":4,\"_instanceId\":172},\"List\":[{\"_typeId\":42,\"_instanceId\":6}]},{\"Structure\":{\"_typeId\":3,\"_instanceId\":527},\"List\":[{\"_typeId\":41,\"_instanceId\":26}]},{\"Structure\":{\"_typeId\":4,\"_instanceId\":218},\"List\":[{\"_typeId\":42,\"_instanceId\":13},{\"_typeId\":42,\"_instanceId\":14},{\"_typeId\":42,\"_instanceId\":15},{\"_typeId\":42,\"_instanceId\":20}]},{\"Structure\":{\"_typeId\":42,\"_instanceId\":4},\"List\":[{\"_typeId\":41,\"_instanceId\":24},{\"_typeId\":41,\"_instanceId\":25}]},{\"Structure\":{\"_typeId\":29,\"_instanceId\":8},\"List\":[{\"_typeId\":25,\"_instanceId\":5}]},{\"Structure\":{\"_typeId\":42,\"_instanceId\":15},\"List\":[{\"_typeId\":41,\"_instanceId\":48},{\"_typeId\":41,\"_instanceId\":49},{\"_typeId\":41,\"_instanceId\":50}]},{\"Structure\":{\"_typeId\":4,\"_instanceId\":184},\"List\":[{\"_typeId\":42,\"_instanceId\":9},{\"_typeId\":42,\"_instanceId\":4}]},{\"Structure\":{\"_typeId\":3,\"_instanceId\":499},\"List\":[{\"_typeId\":41,\"_instanceId\":16}]},{\"Structure\":{\"_typeId\":4,\"_instanceId\":181},\"List\":[{\"_typeId\":42,\"_instanceId\":1}]},{\"Structure\":{\"_typeId\":42,\"_instanceId\":9},\"List\":[{\"_typeId\":41,\"_instanceId\":7},{\"_typeId\":41,\"_instanceId\":21},{\"_typeId\":41,\"_instanceId\":24},{\"_typeId\":41,\"_instanceId\":26}]},{\"Structure\":{\"_typeId\":42,\"_instanceId\":1},\"List\":[{\"_typeId\":41,\"_instanceId\":7},{\"_typeId\":41,\"_instanceId\":16},{\"_typeId\":41,\"_instanceId\":29},{\"_typeId\":41,\"_instanceId\":32},{\"_typeId\":41,\"_instanceId\":35}]},{\"Structure\":{\"_typeId\":4,\"_instanceId\":229},\"List\":[{\"_typeId\":42,\"_instanceId\":7},{\"_typeId\":42,\"_instanceId\":11}]},{\"Structure\":{\"_typeId\":42,\"_instanceId\":7},\"List\":[{\"_typeId\":41,\"_instanceId\":15},{\"_typeId\":41,\"_instanceId\":17},{\"_typeId\":41,\"_instanceId\":21},{\"_typeId\":41,\"_instanceId\":28},{\"_typeId\":41,\"_instanceId\":37}]},{\"Structure\":{\"_typeId\":3,\"_instanceId\":521},\"List\":[{\"_typeId\":41,\"_instanceId\":15}]},{\"Structure\":{\"_typeId\":3,\"_instanceId\":513},\"List\":[{\"_typeId\":41,\"_instanceId\":9}]},{\"Structure\":{\"_typeId\":3,\"_instanceId\":512},\"List\":[{\"_typeId\":41,\"_instanceId\":9}]},{\"Structure\":{\"_typeId\":3,\"_instanceId\":477},\"List\":[{\"_typeId\":41,\"_instanceId\":17},{\"_typeId\":41,\"_instanceId\":56}]},{\"Structure\":{\"_typeId\":4,\"_instanceId\":182},\"List\":[{\"_typeId\":42,\"_instanceId\":5},{\"_typeId\":42,\"_instanceId\":2}]},{\"Structure\":{\"_typeId\":42,\"_instanceId\":8},\"List\":[{\"_typeId\":41,\"_instanceId\":43},{\"_typeId\":41,\"_instanceId\":44},{\"_typeId\":41,\"_instanceId\":45},{\"_typeId\":41,\"_instanceId\":54}]},{\"Structure\":{\"_typeId\":4,\"_instanceId\":196},\"List\":[{\"_typeId\":42,\"_instanceId\":10}]},{\"Structure\":{\"_typeId\":42,\"_instanceId\":5},\"List\":[{\"_typeId\":41,\"_instanceId\":25},{\"_typeId\":41,\"_instanceId\":34},{\"_typeId\":41,\"_instanceId\":35}]},{\"Structure\":{\"_typeId\":42,\"_instanceId\":6},\"List\":[{\"_typeId\":41,\"_instanceId\":28},{\"_typeId\":41,\"_instanceId\":29},{\"_typeId\":41,\"_instanceId\":31}]},{\"Structure\":{\"_typeId\":42,\"_instanceId\":11},\"List\":[{\"_typeId\":41,\"_instanceId\":31},{\"_typeId\":41,\"_instanceId\":32},{\"_typeId\":41,\"_instanceId\":33},{\"_typeId\":41,\"_instanceId\":36}]},{\"Structure\":{\"_typeId\":42,\"_instanceId\":2},\"List\":[{\"_typeId\":41,\"_instanceId\":34},{\"_typeId\":41,\"_instanceId\":36}]},{\"Structure\":{\"_typeId\":4,\"_instanceId\":233},\"List\":[{\"_typeId\":42,\"_instanceId\":18},{\"_typeId\":42,\"_instanceId\":19},{\"_typeId\":42,\"_instanceId\":22}]},{\"Structure\":{\"_typeId\":4,\"_instanceId\":234},\"List\":[{\"_typeId\":42,\"_instanceId\":8},{\"_typeId\":42,\"_instanceId\":12}]},{\"Structure\":{\"_typeId\":3,\"_instanceId\":479},\"List\":[{\"_typeId\":41,\"_instanceId\":33}]},{\"Structure\":{\"_typeId\":4,\"_instanceId\":161},\"List\":[{\"_typeId\":42,\"_instanceId\":16},{\"_typeId\":42,\"_instanceId\":17},{\"_typeId\":42,\"_instanceId\":21}]},{\"Structure\":{\"_typeId\":42,\"_instanceId\":12},\"List\":[{\"_typeId\":41,\"_instanceId\":46}]},{\"Structure\":{\"_typeId\":42,\"_instanceId\":10},\"List\":[{\"_typeId\":41,\"_instanceId\":37},{\"_typeId\":41,\"_instanceId\":43}]},{\"Structure\":{\"_typeId\":42,\"_instanceId\":18},\"List\":[{\"_typeId\":41,\"_instanceId\":44},{\"_typeId\":41,\"_instanceId\":55}]},{\"Structure\":{\"_typeId\":42,\"_instanceId\":20},\"List\":[{\"_typeId\":41,\"_instanceId\":45},{\"_typeId\":41,\"_instanceId\":46},{\"_typeId\":41,\"_instanceId\":47}]},{\"Structure\":{\"_typeId\":42,\"_instanceId\":13},\"List\":[{\"_typeId\":41,\"_instanceId\":47},{\"_typeId\":41,\"_instanceId\":48}]},{\"Structure\":{\"_typeId\":42,\"_instanceId\":14},\"List\":[{\"_typeId\":41,\"_instanceId\":49}]},{\"Structure\":{\"_typeId\":42,\"_instanceId\":21},\"List\":[{\"_typeId\":41,\"_instanceId\":50},{\"_typeId\":41,\"_instanceId\":51},{\"_typeId\":41,\"_instanceId\":55}]},{\"Structure\":{\"_typeId\":3,\"_instanceId\":612},\"List\":[{\"_typeId\":41,\"_instanceId\":51}]},{\"Structure\":{\"_typeId\":42,\"_instanceId\":16},\"List\":[{\"_typeId\":41,\"_instanceId\":52}]},{\"Structure\":{\"_typeId\":42,\"_instanceId\":17},\"List\":[{\"_typeId\":41,\"_instanceId\":52}]},{\"Structure\":{\"_typeId\":42,\"_instanceId\":19},\"List\":[{\"_typeId\":41,\"_instanceId\":53},{\"_typeId\":41,\"_instanceId\":54}]},{\"Structure\":{\"_typeId\":3,\"_instanceId\":629},\"List\":[{\"_typeId\":41,\"_instanceId\":53}]}],\"_supportedByStructuresData\":[{\"Structure\":{\"_typeId\":42,\"_instanceId\":4},\"List\":[{\"_typeId\":4,\"_instanceId\":184}]},{\"Structure\":{\"_typeId\":42,\"_instanceId\":15},\"List\":[{\"_typeId\":4,\"_instanceId\":218}]},{\"Structure\":{\"_typeId\":42,\"_instanceId\":11},\"List\":[{\"_typeId\":4,\"_instanceId\":229}]},{\"Structure\":{\"_typeId\":42,\"_instanceId\":13},\"List\":[{\"_typeId\":4,\"_instanceId\":218}]},{\"Structure\":{\"_typeId\":42,\"_instanceId\":2},\"List\":[{\"_typeId\":4,\"_instanceId\":182}]},{\"Structure\":{\"_typeId\":42,\"_instanceId\":6},\"List\":[{\"_typeId\":4,\"_instanceId\":172}]},{\"Structure\":{\"_typeId\":41,\"_instanceId\":24},\"List\":[{\"_typeId\":42,\"_instanceId\":4},{\"_typeId\":42,\"_instanceId\":9}]},{\"Structure\":{\"_typeId\":42,\"_instanceId\":5},\"List\":[{\"_typeId\":4,\"_instanceId\":182}]},{\"Structure\":{\"_typeId\":25,\"_instanceId\":5},\"List\":[{\"_typeId\":29,\"_instanceId\":8}]},{\"Structure\":{\"_typeId\":41,\"_instanceId\":48},\"List\":[{\"_typeId\":42,\"_instanceId\":13},{\"_typeId\":42,\"_instanceId\":15}]},{\"Structure\":{\"_typeId\":42,\"_instanceId\":9},\"List\":[{\"_typeId\":4,\"_instanceId\":184}]},{\"Structure\":{\"_typeId\":42,\"_instanceId\":1},\"List\":[{\"_typeId\":4,\"_instanceId\":181}]},{\"Structure\":{\"_typeId\":41,\"_instanceId\":9},\"List\":[{\"_typeId\":3,\"_instanceId\":512},{\"_typeId\":3,\"_instanceId\":513}]},{\"Structure\":{\"_typeId\":41,\"_instanceId\":7},\"List\":[{\"_typeId\":42,\"_instanceId\":1},{\"_typeId\":42,\"_instanceId\":9}]},{\"Structure\":{\"_typeId\":42,\"_instanceId\":7},\"List\":[{\"_typeId\":4,\"_instanceId\":229}]},{\"Structure\":{\"_typeId\":41,\"_instanceId\":16},\"List\":[{\"_typeId\":42,\"_instanceId\":1},{\"_typeId\":3,\"_instanceId\":499}]},{\"Structure\":{\"_typeId\":41,\"_instanceId\":15},\"List\":[{\"_typeId\":42,\"_instanceId\":7},{\"_typeId\":3,\"_instanceId\":521}]},{\"Structure\":{\"_typeId\":41,\"_instanceId\":17},\"List\":[{\"_typeId\":42,\"_instanceId\":7},{\"_typeId\":3,\"_instanceId\":477}]},{\"Structure\":{\"_typeId\":42,\"_instanceId\":17},\"List\":[{\"_typeId\":4,\"_instanceId\":161}]},{\"Structure\":{\"_typeId\":42,\"_instanceId\":16},\"List\":[{\"_typeId\":4,\"_instanceId\":161}]},{\"Structure\":{\"_typeId\":41,\"_instanceId\":43},\"List\":[{\"_typeId\":42,\"_instanceId\":10},{\"_typeId\":42,\"_instanceId\":8}]},{\"Structure\":{\"_typeId\":42,\"_instanceId\":18},\"List\":[{\"_typeId\":4,\"_instanceId\":233}]},{\"Structure\":{\"_typeId\":41,\"_instanceId\":21},\"List\":[{\"_typeId\":42,\"_instanceId\":9},{\"_typeId\":42,\"_instanceId\":7}]},{\"Structure\":{\"_typeId\":41,\"_instanceId\":37},\"List\":[{\"_typeId\":42,\"_instanceId\":7},{\"_typeId\":42,\"_instanceId\":10}]},{\"Structure\":{\"_typeId\":41,\"_instanceId\":25},\"List\":[{\"_typeId\":42,\"_instanceId\":4},{\"_typeId\":42,\"_instanceId\":5}]},{\"Structure\":{\"_typeId\":41,\"_instanceId\":35},\"List\":[{\"_typeId\":42,\"_instanceId\":5},{\"_typeId\":42,\"_instanceId\":1}]},{\"Structure\":{\"_typeId\":42,\"_instanceId\":14},\"List\":[{\"_typeId\":4,\"_instanceId\":218}]},{\"Structure\":{\"_typeId\":41,\"_instanceId\":28},\"List\":[{\"_typeId\":42,\"_instanceId\":6},{\"_typeId\":42,\"_instanceId\":7}]},{\"Structure\":{\"_typeId\":41,\"_instanceId\":29},\"List\":[{\"_typeId\":42,\"_instanceId\":6},{\"_typeId\":42,\"_instanceId\":1}]},{\"Structure\":{\"_typeId\":41,\"_instanceId\":36},\"List\":[{\"_typeId\":42,\"_instanceId\":2},{\"_typeId\":42,\"_instanceId\":11}]},{\"Structure\":{\"_typeId\":41,\"_instanceId\":31},\"List\":[{\"_typeId\":42,\"_instanceId\":11},{\"_typeId\":42,\"_instanceId\":6}]},{\"Structure\":{\"_typeId\":41,\"_instanceId\":32},\"List\":[{\"_typeId\":42,\"_instanceId\":11},{\"_typeId\":42,\"_instanceId\":1}]},{\"Structure\":{\"_typeId\":42,\"_instanceId\":19},\"List\":[{\"_typeId\":4,\"_instanceId\":233}]},{\"Structure\":{\"_typeId\":41,\"_instanceId\":34},\"List\":[{\"_typeId\":42,\"_instanceId\":5},{\"_typeId\":42,\"_instanceId\":2}]},{\"Structure\":{\"_typeId\":41,\"_instanceId\":47},\"List\":[{\"_typeId\":42,\"_instanceId\":20},{\"_typeId\":42,\"_instanceId\":13}]},{\"Structure\":{\"_typeId\":41,\"_instanceId\":26},\"List\":[{\"_typeId\":42,\"_instanceId\":9},{\"_typeId\":3,\"_instanceId\":527}]},{\"Structure\":{\"_typeId\":42,\"_instanceId\":8},\"List\":[{\"_typeId\":4,\"_instanceId\":234}]},{\"Structure\":{\"_typeId\":41,\"_instanceId\":33},\"List\":[{\"_typeId\":42,\"_instanceId\":11},{\"_typeId\":3,\"_instanceId\":479}]},{\"Structure\":{\"_typeId\":42,\"_instanceId\":12},\"List\":[{\"_typeId\":4,\"_instanceId\":234}]},{\"Structure\":{\"_typeId\":42,\"_instanceId\":10},\"List\":[{\"_typeId\":4,\"_instanceId\":196}]},{\"Structure\":{\"_typeId\":41,\"_instanceId\":46},\"List\":[{\"_typeId\":42,\"_instanceId\":20},{\"_typeId\":42,\"_instanceId\":12}]},{\"Structure\":{\"_typeId\":41,\"_instanceId\":45},\"List\":[{\"_typeId\":42,\"_instanceId\":8},{\"_typeId\":42,\"_instanceId\":20}]},{\"Structure\":{\"_typeId\":42,\"_instanceId\":20},\"List\":[{\"_typeId\":4,\"_instanceId\":218}]},{\"Structure\":{\"_typeId\":41,\"_instanceId\":44},\"List\":[{\"_typeId\":42,\"_instanceId\":8},{\"_typeId\":42,\"_instanceId\":18}]},{\"Structure\":{\"_typeId\":42,\"_instanceId\":21},\"List\":[{\"_typeId\":4,\"_instanceId\":161}]},{\"Structure\":{\"_typeId\":41,\"_instanceId\":49},\"List\":[{\"_typeId\":42,\"_instanceId\":14},{\"_typeId\":42,\"_instanceId\":15}]},{\"Structure\":{\"_typeId\":41,\"_instanceId\":50},\"List\":[{\"_typeId\":42,\"_instanceId\":15},{\"_typeId\":42,\"_instanceId\":21}]},{\"Structure\":{\"_typeId\":41,\"_instanceId\":51},\"List\":[{\"_typeId\":42,\"_instanceId\":21},{\"_typeId\":3,\"_instanceId\":612}]},{\"Structure\":{\"_typeId\":41,\"_instanceId\":52},\"List\":[{\"_typeId\":42,\"_instanceId\":16},{\"_typeId\":42,\"_instanceId\":17}]},{\"Structure\":{\"_typeId\":41,\"_instanceId\":53},\"List\":[{\"_typeId\":42,\"_instanceId\":19},{\"_typeId\":3,\"_instanceId\":629}]},{\"Structure\":{\"_typeId\":41,\"_instanceId\":54},\"List\":[{\"_typeId\":42,\"_instanceId\":8},{\"_typeId\":42,\"_instanceId\":19}]},{\"Structure\":{\"_typeId\":41,\"_instanceId\":55},\"List\":[{\"_typeId\":42,\"_instanceId\":18},{\"_typeId\":42,\"_instanceId\":21}]},{\"Structure\":{\"_typeId\":42,\"_instanceId\":22},\"List\":[{\"_typeId\":4,\"_instanceId\":233}]},{\"Structure\":{\"_typeId\":41,\"_instanceId\":56},\"List\":[{\"_typeId\":3,\"_instanceId\":477}]}]}"}}