{"Version":"0.0.0","Data":{"FreeFormStructureLinkerManager":"{\"Version\":\"1.2.0\",\"_nodeLinkersData\":[{\"_typeId\":4,\"_instanceId\":36},{\"_typeId\":4,\"_instanceId\":36}],\"_builtLinkersData\":[null,null,null,null,{\"_typeId\":2,\"_instanceId\":28},{\"_typeId\":4,\"_instanceId\":8},null,null,null,null,{\"_typeId\":11,\"_instanceId\":2},{\"_typeId\":3,\"_instanceId\":63},{\"_typeId\":2,\"_instanceId\":25},{\"_typeId\":3,\"_instanceId\":53},{\"_typeId\":3,\"_instanceId\":55},{\"_typeId\":8,\"_instanceId\":12},{\"_typeId\":2,\"_instanceId\":16},{\"_typeId\":4,\"_instanceId\":20},{\"_typeId\":4,\"_instanceId\":18},{\"_typeId\":8,\"_instanceId\":9},{\"_typeId\":8,\"_instanceId\":9},{\"_typeId\":8,\"_instanceId\":9},null,null,{\"_typeId\":9,\"_instanceId\":11},{\"_typeId\":9,\"_instanceId\":13},{\"_typeId\":4,\"_instanceId\":28},null,{\"_typeId\":2,\"_instanceId\":78},null,null,null,{\"_typeId\":2,\"_instanceId\":82},{\"_typeId\":2,\"_instanceId\":85},{\"_typeId\":4,\"_instanceId\":50},{\"_typeId\":4,\"_instanceId\":50},{\"_typeId\":4,\"_instanceId\":51},{\"_typeId\":4,\"_instanceId\":51},null,{\"_typeId\":2,\"_instanceId\":89},{\"_typeId\":3,\"_instanceId\":224},{\"_typeId\":3,\"_instanceId\":224},{\"_typeId\":3,\"_instanceId\":227},{\"_typeId\":3,\"_instanceId\":225},{\"_typeId\":2,\"_instanceId\":131},null,null,null,null,null,null,null,null,{\"_typeId\":8,\"_instanceId\":7},null,null,null,null,{\"_typeId\":2,\"_instanceId\":195},null,null,null,{\"_typeId\":4,\"_instanceId\":69},null,null,{\"_typeId\":4,\"_instanceId\":119},{\"_typeId\":4,\"_instanceId\":137},null,{\"_typeId\":4,\"_instanceId\":42},{\"_typeId\":4,\"_instanceId\":42},{\"_typeId\":4,\"_instanceId\":115},null,null,null,null,{\"_typeId\":4,\"_instanceId\":235},{\"_typeId\":4,\"_instanceId\":235}]}"}}