{"Version":"0.0.0","Data":{"GameState":"{\"Version\":\"1.0.0\",\"GameName\":\"Normal 49 Days 10:58:51\",\"SaveTime\":\"2025-05-25T12:38:28.9039285+02:00\",\"GameType\":\"Normal\",\"GameId\":\"51ab268b-7955-4562-9e9b-7975a9395dfa\",\"GameDays\":49,\"GameHours\":10,\"GameMinutes\":59,\"GameSeconds\":5,\"GameMilliseconds\":10,\"IsRobbyDead\":true,\"CrashSite\":\"ocean\",\"NamedIntDatas\":[{\"SaveObjectNameId\":\"Endgame.StayedOnIsland\"},{\"SaveObjectNameId\":\"Endgame.CoreGameCompleted\"},{\"SaveObjectNameId\":\"LuxuryBunker.HellDoorCaveEntrance\"},{\"SaveObjectNameId\":\"SonsStorySpots.WoodenCrateItems.AZZ\"},{\"SaveObjectNameId\":\"SonsStorySpots.WoodenCrateItems.BBN\",\"SaveValue\":1},{\"SaveObjectNameId\":\"TacticalGpsLocator.004\"},{\"SaveObjectNameId\":\"SonsStorySpots.WoodenCrateItems.BAD\"},{\"SaveObjectNameId\":\"SonsStorySpots.WoodenCrateItems.BBP\"},{\"SaveObjectNameId\":\"SonsStorySpots.WoodenCrateItems.BBO\"},{\"SaveObjectNameId\":\"SonsStorySpots.WoodenCrateItems.BBL\"},{\"SaveObjectNameId\":\"WorkerGpsLocator.001\",\"SaveValue\":1},{\"SaveObjectNameId\":\"SonsStorySpots.WoodenCrateItems.BAB\"},{\"SaveObjectNameId\":\"WorkerGpsLocator.000\"},{\"SaveObjectNameId\":\"SonsStorySpots.WoodenCrateItems.BBY\"},{\"SaveObjectNameId\":\"SonsStorySpots.WoodenCrateItems.BBF\"},{\"SaveObjectNameId\":\"SonsStorySpots.WoodenCrateItems.BAC\"},{\"SaveObjectNameId\":\"SonsStorySpots.SuitcaseItems.AUH\",\"SaveValue\":1},{\"SaveObjectNameId\":\"WorkerGpsLocator.002\",\"SaveValue\":1},{\"SaveObjectNameId\":\"TacticalGpsLocator.000\"},{\"SaveObjectNameId\":\"TacticalGpsLocator.005\",\"SaveValue\":1},{\"SaveObjectNameId\":\"SonsStorySpots.WoodenCrateItems.BBQ\"},{\"SaveObjectNameId\":\"WorkerGpsLocator.004\"},{\"SaveObjectNameId\":\"TacticalGpsLocator.002\"},{\"SaveObjectNameId\":\"SonsStorySpots.SuitcaseItems.AUG\",\"SaveValue\":1},{\"SaveObjectNameId\":\"SonsStorySpots.WoodenCrateItems.BBG\"},{\"SaveObjectNameId\":\"SonsStorySpots.WoodenCrateItems.BBR\"},{\"SaveObjectNameId\":\"TacticalGpsLocator.001\"},{\"SaveObjectNameId\":\"WorkerGpsLocator.005\"},{\"SaveObjectNameId\":\"WorkerGpsLocator.003\",\"SaveValue\":1},{\"SaveObjectNameId\":\"LightningPOI.001\"},{\"SaveObjectNameId\":\"LightningPOI.005\"},{\"SaveObjectNameId\":\"LightningPOI.002\"},{\"SaveObjectNameId\":\"LightningPOI.003\"},{\"SaveObjectNameId\":\"LightningPOI.006\"},{\"SaveObjectNameId\":\"LightningPOI.004\"},{\"SaveObjectNameId\":\"WorkerGpsLocator.006\"},{\"SaveObjectNameId\":\"TacticalGpsLocator.003\"},{\"SaveObjectNameId\":\"SonsStorySpots.BasicStorageCrateItems.AGQ\"},{\"SaveObjectNameId\":\"SonsStorySpots.BasicStorageCrateItems.AJF\"},{\"SaveObjectNameId\":\"BuriedTacticalGpsPickedUp\",\"SaveValue\":1},{\"SaveObjectNameId\":\"Tactical.GraveA\",\"SaveValue\":1},{\"SaveObjectNameId\":\"RaftTacticalFound\",\"SaveValue\":1},{\"SaveObjectNameId\":\"HangingTacticalFound\",\"SaveValue\":1},{\"SaveObjectNameId\":\"BuriedTacticalFound\",\"SaveValue\":1},{\"SaveObjectNameId\":\"HangingTacticalGpsPickedUp\",\"SaveValue\":1},{\"SaveObjectNameId\":\"RaftTacticalGpsPickeUp\",\"SaveValue\":1},{\"SaveObjectNameId\":\"SonsMainCharacterSpawns.WoodenCrateItems.AAA\"},{\"SaveObjectNameId\":\"SonsMainCharacterSpawns.WoodenCrateItems.AAB\"},{\"SaveObjectNameId\":\"BunkerA.EntranceHatch\",\"SaveValue\":3},{\"SaveObjectNameId\":\"BunkerB.EntranceHatch\",\"SaveValue\":3},{\"SaveObjectNameId\":\"BunkerC.EntranceHatch\"},{\"SaveObjectNameId\":\"EntertainmentBunker.HallwayTimmy\",\"SaveValue\":1},{\"SaveObjectNameId\":\"OceanCrashPickups.BasicStorageCrateItems.AAA\",\"SaveValue\":1},{\"SaveObjectNameId\":\"OceanCrashPickups.BasicStorageCrateItems.AAC\",\"SaveValue\":1},{\"SaveObjectNameId\":\"OceanCrashPickups.Meds.AAD\",\"SaveValue\":1},{\"SaveObjectNameId\":\"OceanCrashPickups.Meds.AAE\",\"SaveValue\":1},{\"SaveObjectNameId\":\"OceanCrashPickups.Meds.AAF\",\"SaveValue\":1},{\"SaveObjectNameId\":\"OceanCrashPickups.GrenadeCase.AAG\",\"SaveValue\":1},{\"SaveObjectNameId\":\"OceanCrashPickups.AmmoCase.AAH\",\"SaveValue\":1},{\"SaveObjectNameId\":\"OceanCrashPickups.AmmoCase.AAI\",\"SaveValue\":1},{\"SaveObjectNameId\":\"OceanCrashPickups.AmmoCase.AAJ\",\"SaveValue\":1},{\"SaveObjectNameId\":\"OceanCrashPickups.FlaresCase.AAK\",\"SaveValue\":1},{\"SaveObjectNameId\":\"SonsStorySpots.BasicStorageCrateItems.AIC\"},{\"SaveObjectNameId\":\"SonsStorySpots.BasicStorageCrateItems.AJV\"},{\"SaveObjectNameId\":\"SonsStorySpots.BasicStorageCrateItems.APA\"},{\"SaveObjectNameId\":\"SonsStorySpots.GraveItems.AKG\"},{\"SaveObjectNameId\":\"SonsStorySpots.GraveItems.AQL\"},{\"SaveObjectNameId\":\"SonsStorySpots.WoodenCrateItems.AAR\"},{\"SaveObjectNameId\":\"SonsStorySpots.WoodenCrateItems.AGD\"},{\"SaveObjectNameId\":\"SonsStorySpots.WoodenCrateItems.AIV\"},{\"SaveObjectNameId\":\"SonsStorySpots.WoodenCrateItems.AQW\"},{\"SaveObjectNameId\":\"SonsStorySpots.BasicStorageCrateItems.ANS\"},{\"SaveObjectNameId\":\"SonsStorySpots.GraveItems.AAL\"},{\"SaveObjectNameId\":\"SonsStorySpots.GraveItems.ADO\"},{\"SaveObjectNameId\":\"SonsStorySpots.GraveItems.AGX\"},{\"SaveObjectNameId\":\"SonsStorySpots.GraveItems.APB\"},{\"SaveObjectNameId\":\"SonsStorySpots.GraveItems.ARK\"},{\"SaveObjectNameId\":\"SonsStorySpots.BasicStorageCrateItems.AHY\"},{\"SaveObjectNameId\":\"SonsStorySpots.BasicStorageCrateItems.AQY\",\"SaveValue\":1},{\"SaveObjectNameId\":\"SonsStorySpots.GraveItems.AJP\",\"SaveValue\":1},{\"SaveObjectNameId\":\"SonsStorySpots.GraveItems.AMK\",\"SaveValue\":1},{\"SaveObjectNameId\":\"SonsStorySpots.SuitcaseItems.AJL\",\"SaveValue\":1},{\"SaveObjectNameId\":\"SonsStorySpots.WoodenCrateItems.ACJ\",\"SaveValue\":1},{\"SaveObjectNameId\":\"SonsStorySpots.WoodenCrateItems.AGI\",\"SaveValue\":1},{\"SaveObjectNameId\":\"SonsStorySpots.WoodenCrateItems.ANP\"},{\"SaveObjectNameId\":\"SonsStorySpots.AmmoCase.ALB\",\"SaveValue\":1},{\"SaveObjectNameId\":\"SonsStorySpots.BasicStorageCrateItems.AVG\",\"SaveValue\":1},{\"SaveObjectNameId\":\"SonsStorySpots.BasicStorageCrateItems.AVQ\",\"SaveValue\":1},{\"SaveObjectNameId\":\"SonsStorySpots.Meds.AEY\",\"SaveValue\":1},{\"SaveObjectNameId\":\"SonsStorySpots.WoodenCrateItems.ADW\",\"SaveValue\":1},{\"SaveObjectNameId\":\"SonsStorySpots.WoodenCrateItems.ANT\",\"SaveValue\":1},{\"SaveObjectNameId\":\"SonsStorySpots.WoodenCrateItems.ANZ\"},{\"SaveObjectNameId\":\"SonsStorySpots.GraveItems.AOX\"},{\"SaveObjectNameId\":\"SonsStorySpots.BasicStorageCrateItems.ADV\"},{\"SaveObjectNameId\":\"SonsStorySpots.BasicStorageCrateItems.AOC\"},{\"SaveObjectNameId\":\"SonsStorySpots.GrenadeCase.AQF\"},{\"SaveObjectNameId\":\"SonsStorySpots.GrenadeCase.AQO\"},{\"SaveObjectNameId\":\"SonsStorySpots.WoodenCrateItems.AAK\",\"SaveValue\":1},{\"SaveObjectNameId\":\"SonsStorySpots.WoodenCrateItems.AGB\",\"SaveValue\":1},{\"SaveObjectNameId\":\"SonsStorySpots.WoodenCrateItems.AIQ\"},{\"SaveObjectNameId\":\"SonsStorySpots.WoodenCrateItems.ALO\"},{\"SaveObjectNameId\":\"SonsStorySpots.GraveItems.ALP\"},{\"SaveObjectNameId\":\"DyingTacticalA.000\"},{\"SaveObjectNameId\":\"SonsStorySpots.BasicStorageCrateItems.AEK\"},{\"SaveObjectNameId\":\"SonsStorySpots.BasicStorageCrateItems.AGU\"},{\"SaveObjectNameId\":\"SonsStorySpots.BasicStorageCrateItems.AMV\"},{\"SaveObjectNameId\":\"SonsStorySpots.BasicStorageCrateItems.APD\"},{\"SaveObjectNameId\":\"SonsStorySpots.FlaresCase.AJC\"},{\"SaveObjectNameId\":\"SonsStorySpots.GrenadeCase.ADL\"},{\"SaveObjectNameId\":\"SonsStorySpots.AmmoCase.ARL\"},{\"SaveObjectNameId\":\"SonsStorySpots.BasicStorageCrateItems.ADU\"},{\"SaveObjectNameId\":\"SonsStorySpots.BasicStorageCrateItems.AIW\"},{\"SaveObjectNameId\":\"Tactical.HangingA\",\"SaveValue\":1},{\"SaveObjectNameId\":\"SonsStorySpots.BasicStorageCrateItems.AHA\",\"SaveValue\":1},{\"SaveObjectNameId\":\"SonsStorySpots.BasicStorageCrateItems.AJW\",\"SaveValue\":1},{\"SaveObjectNameId\":\"SonsStorySpots.WoodenCrateItems.AQU\"},{\"SaveObjectNameId\":\"SonsStorySpots.BasicStorageCrateItems.AFK\"},{\"SaveObjectNameId\":\"SonsStorySpots.BasicStorageCrateItems.AOF\"},{\"SaveObjectNameId\":\"SonsStorySpots.BasicStorageCrateItems.AKJ\"},{\"SaveObjectNameId\":\"SonsStorySpots.BasicStorageCrateItems.ABI\",\"SaveValue\":1},{\"SaveObjectNameId\":\"SonsStorySpots.BasicStorageCrateItems.AOK\",\"SaveValue\":1},{\"SaveObjectNameId\":\"SonsStorySpots.FlaresCase.ANL\",\"SaveValue\":1},{\"SaveObjectNameId\":\"SonsStorySpots.BasicStorageCrateItems.ABT\",\"SaveValue\":1},{\"SaveObjectNameId\":\"SonsStorySpots.BasicStorageCrateItems.AOW\",\"SaveValue\":1},{\"SaveObjectNameId\":\"SonsStorySpots.BasicStorageCrateItems.AOT\",\"SaveValue\":1},{\"SaveObjectNameId\":\"SonsStorySpots.GraveItems.ABD\"},{\"SaveObjectNameId\":\"SonsStorySpots.GraveItems.AKP\",\"SaveValue\":1},{\"SaveObjectNameId\":\"SonsStorySpots.GraveItems.AMD\",\"SaveValue\":1},{\"SaveObjectNameId\":\"SonsStorySpots.WoodenCrateItems.AHP\",\"SaveValue\":1},{\"SaveObjectNameId\":\"SonsStorySpots.WoodenCrateItems.ARS\",\"SaveValue\":1},{\"SaveObjectNameId\":\"SonsStorySpots.WoodenCrateItems.AVH\",\"SaveValue\":1},{\"SaveObjectNameId\":\"SonsStorySpots.WoodenCrateItems.AVK\",\"SaveValue\":1},{\"SaveObjectNameId\":\"SonsStorySpots.WoodenCrateItems.AVV\",\"SaveValue\":1},{\"SaveObjectNameId\":\"SonsStorySpots.GraveItems.AAO\"},{\"SaveObjectNameId\":\"SonsStorySpots.GraveItems.AIN\"},{\"SaveObjectNameId\":\"SonsStorySpots.GraveItems.AMZ\"},{\"SaveObjectNameId\":\"SonsStorySpots.GraveItems.AOR\"},{\"SaveObjectNameId\":\"SonsStorySpots.BasicStorageCrateItems.AFC\",\"SaveValue\":1},{\"SaveObjectNameId\":\"SonsStorySpots.BasicStorageCrateItems.ANE\",\"SaveValue\":1},{\"SaveObjectNameId\":\"SonsStorySpots.SuitcaseItems.AJO\",\"SaveValue\":1},{\"SaveObjectNameId\":\"SonsStorySpots.BasicStorageCrateItems.ADJ\",\"SaveValue\":1},{\"SaveObjectNameId\":\"SonsStorySpots.BasicStorageCrateItems.AEA\",\"SaveValue\":1},{\"SaveObjectNameId\":\"SonsStorySpots.BasicStorageCrateItems.AJQ\",\"SaveValue\":1},{\"SaveObjectNameId\":\"SonsStorySpots.BasicStorageCrateItems.AJS\",\"SaveValue\":1},{\"SaveObjectNameId\":\"SonsStorySpots.BasicStorageCrateItems.AOL\",\"SaveValue\":1},{\"SaveObjectNameId\":\"SonsStorySpots.SuitcaseItems.ABU\",\"SaveValue\":1},{\"SaveObjectNameId\":\"SonsStorySpots.SuitcaseItems.ADF\",\"SaveValue\":1},{\"SaveObjectNameId\":\"SonsStorySpots.SuitcaseItems.AFT\",\"SaveValue\":1},{\"SaveObjectNameId\":\"SonsStorySpots.SuitcaseItems.AJT\",\"SaveValue\":1},{\"SaveObjectNameId\":\"SonsStorySpots.SuitcaseItems.AMI\",\"SaveValue\":1},{\"SaveObjectNameId\":\"SonsStorySpots.SuitcaseItems.AMP\",\"SaveValue\":1},{\"SaveObjectNameId\":\"SonsStorySpots.SuitcaseItems.ANK\",\"SaveValue\":1},{\"SaveObjectNameId\":\"SonsStorySpots.SuitcaseItems.AQC\",\"SaveValue\":1},{\"SaveObjectNameId\":\"SonsStorySpots.SuitcaseItems.AQZ\",\"SaveValue\":1},{\"SaveObjectNameId\":\"SonsStorySpots.GraveItems.ADQ\"},{\"SaveObjectNameId\":\"SonsStorySpots.GraveItems.AFH\"},{\"SaveObjectNameId\":\"SonsStorySpots.WoodenCrateItems.ABP\"},{\"SaveObjectNameId\":\"SonsStorySpots.WoodenCrateItems.AIG\"},{\"SaveObjectNameId\":\"SonsStorySpots.WoodenCrateItems.AJJ\"},{\"SaveObjectNameId\":\"SonsStorySpots.WoodenCrateItems.AQM\"},{\"SaveObjectNameId\":\"SonsStorySpots.GraveItems.APF\",\"SaveValue\":1},{\"SaveObjectNameId\":\"SonsStorySpots.GraveItems.APY\",\"SaveValue\":1},{\"SaveObjectNameId\":\"SonsStorySpots.WoodenCrateItems.ACE\",\"SaveValue\":1},{\"SaveObjectNameId\":\"SonsStorySpots.WoodenCrateItems.ACL\",\"SaveValue\":1},{\"SaveObjectNameId\":\"SonsStorySpots.WoodenCrateItems.AFE\",\"SaveValue\":1},{\"SaveObjectNameId\":\"SonsStorySpots.WoodenCrateItems.AFW\"},{\"SaveObjectNameId\":\"SonsStorySpots.WoodenCrateItems.AIL\",\"SaveValue\":1},{\"SaveObjectNameId\":\"SonsStorySpots.WoodenCrateItems.APE\",\"SaveValue\":1},{\"SaveObjectNameId\":\"SonsStorySpots.BasicStorageCrateItems.AGM\",\"SaveValue\":1},{\"SaveObjectNameId\":\"SonsStorySpots.BasicStorageCrateItems.ALM\",\"SaveValue\":1},{\"SaveObjectNameId\":\"SonsStorySpots.BasicStorageCrateItems.ANG\",\"SaveValue\":1},{\"SaveObjectNameId\":\"SonsStorySpots.GraveItems.AEP\",\"SaveValue\":1},{\"SaveObjectNameId\":\"SonsStorySpots.GraveItems.AHL\"},{\"SaveObjectNameId\":\"SonsStorySpots.GraveItems.ANQ\"},{\"SaveObjectNameId\":\"SonsStorySpots.GraveItems.APW\",\"SaveValue\":1},{\"SaveObjectNameId\":\"SonsStorySpots.SuitcaseItems.AHM\",\"SaveValue\":1},{\"SaveObjectNameId\":\"SonsStorySpots.WoodenCrateItems.ALZ\",\"SaveValue\":1},{\"SaveObjectNameId\":\"SonsStorySpots.AmmoCase.ANU\"},{\"SaveObjectNameId\":\"SonsStorySpots.AmmoCase.APQ\"},{\"SaveObjectNameId\":\"SonsStorySpots.GraveItems.AHB\"},{\"SaveObjectNameId\":\"SonsStorySpots.GraveItems.AID\"},{\"SaveObjectNameId\":\"SonsStorySpots.GraveItems.ALY\"},{\"SaveObjectNameId\":\"SonsStorySpots.WoodenCrateItems.AEW\"},{\"SaveObjectNameId\":\"SonsStorySpots.WoodenCrateItems.AMQ\"},{\"SaveObjectNameId\":\"SonsStorySpots.BasicStorageCrateItems.AES\",\"SaveValue\":1},{\"SaveObjectNameId\":\"SonsStorySpots.GraveItems.ABM\"},{\"SaveObjectNameId\":\"SonsStorySpots.GraveItems.ACR\"},{\"SaveObjectNameId\":\"SonsStorySpots.GraveItems.AFY\"},{\"SaveObjectNameId\":\"DyingTacticalA.009\"},{\"SaveObjectNameId\":\"SonsStorySpots.BasicStorageCrateItems.AMJ\"},{\"SaveObjectNameId\":\"SonsStorySpots.FlaresCase.AEG\"},{\"SaveObjectNameId\":\"SonsStorySpots.GrenadeCase.ADP\"},{\"SaveObjectNameId\":\"SonsStorySpots.GrenadeCase.AKA\"},{\"SaveObjectNameId\":\"SonsStorySpots.BasicStorageCrateItems.AMU\",\"SaveValue\":1},{\"SaveObjectNameId\":\"SonsStorySpots.BasicStorageCrateItems.ANN\",\"SaveValue\":1},{\"SaveObjectNameId\":\"SonsStorySpots.GrenadeCase.AHZ\"},{\"SaveObjectNameId\":\"SonsStorySpots.WoodenCrateItems.AFG\"},{\"SaveObjectNameId\":\"SonsStorySpots.WoodenCrateItems.ARI\"},{\"SaveObjectNameId\":\"SonsStorySpots.GraveItems.AOO\"},{\"SaveObjectNameId\":\"SonsStorySpots.WoodenCrateItems.AFP\"},{\"SaveObjectNameId\":\"SonsStorySpots.WoodenCrateItems.AIA\"},{\"SaveObjectNameId\":\"SonsStorySpots.BasicStorageCrateItems.ACA\"},{\"SaveObjectNameId\":\"SonsStorySpots.BasicStorageCrateItems.AJR\"},{\"SaveObjectNameId\":\"SonsStorySpots.FlaresCase.AFV\"},{\"SaveObjectNameId\":\"SonsStorySpots.BasicStorageCrateItems.AUQ\",\"SaveValue\":1},{\"SaveObjectNameId\":\"SonsStorySpots.BasicStorageCrateItems.AGF\"},{\"SaveObjectNameId\":\"SonsStorySpots.FlaresCase.AJU\"},{\"SaveObjectNameId\":\"SonsStorySpots.GraveItems.AGW\"},{\"SaveObjectNameId\":\"SonsStorySpots.AmmoCase.AFL\",\"SaveValue\":1},{\"SaveObjectNameId\":\"SonsStorySpots.BasicStorageCrateItems.AGS\",\"SaveValue\":1},{\"SaveObjectNameId\":\"SonsStorySpots.BasicStorageCrateItems.AKZ\",\"SaveValue\":1},{\"SaveObjectNameId\":\"SonsStorySpots.GraveItems.AGY\"},{\"SaveObjectNameId\":\"SonsStorySpots.GraveItems.AMM\"},{\"SaveObjectNameId\":\"SonsStorySpots.GraveItems.AOA\"},{\"SaveObjectNameId\":\"SonsStorySpots.GraveItems.AOE\"},{\"SaveObjectNameId\":\"SonsStorySpots.BasicStorageCrateItems.AGZ\"},{\"SaveObjectNameId\":\"SonsStorySpots.GraveItems.AAQ\"},{\"SaveObjectNameId\":\"SonsStorySpots.GraveItems.AIU\"},{\"SaveObjectNameId\":\"SonsStorySpots.GraveItems.ANJ\"},{\"SaveObjectNameId\":\"SonsStorySpots.BasicStorageCrateItems.AAC\"},{\"SaveObjectNameId\":\"SonsStorySpots.BasicStorageCrateItems.AKT\"},{\"SaveObjectNameId\":\"SonsStorySpots.BasicStorageCrateItems.AOD\"},{\"SaveObjectNameId\":\"SonsStorySpots.FlaresCase.ALT\"},{\"SaveObjectNameId\":\"SonsStorySpots.BasicStorageCrateItems.AWX\",\"SaveValue\":1},{\"SaveObjectNameId\":\"SonsStorySpots.WoodenCrateItems.AXL\",\"SaveValue\":1},{\"SaveObjectNameId\":\"SonsStorySpots.WoodenCrateItems.AXS\",\"SaveValue\":1},{\"SaveObjectNameId\":\"CaveD.BoardsI\"},{\"SaveObjectNameId\":\"CaveD.BoardsH\"},{\"SaveObjectNameId\":\"SonsCaveD.WoodenCrateItems.AAN\",\"SaveValue\":1},{\"SaveObjectNameId\":\"SonsCaveD.WoodenCrateItems.AAB\",\"SaveValue\":1},{\"SaveObjectNameId\":\"SonsCaveD.WoodenCrateItems.AAT\",\"SaveValue\":1},{\"SaveObjectNameId\":\"SonsCaveD.WoodenCrateItems.AAP\"},{\"SaveObjectNameId\":\"SonsCaveD.WoodenCrateItems.AAR\"},{\"SaveObjectNameId\":\"SonsCaveD.WoodenCrateItems.AAD\",\"SaveValue\":1},{\"SaveObjectNameId\":\"SonsCaveD.WoodenCrateItems.AAY\"},{\"SaveObjectNameId\":\"SonsCaveD.WoodenCrateItems.AAS\",\"SaveValue\":1},{\"SaveObjectNameId\":\"SonsCaveD.WoodenCrateItems.AAW\"},{\"SaveObjectNameId\":\"SonsCaveD.WoodenCrateItems.AAC\",\"SaveValue\":1},{\"SaveObjectNameId\":\"SonsCaveD.WoodenCrateItems.AAF\",\"SaveValue\":1},{\"SaveObjectNameId\":\"SonsCaveD.WoodenCrateItems.AAL\",\"SaveValue\":1},{\"SaveObjectNameId\":\"SonsCaveD.WoodenCrateItems.AAH\",\"SaveValue\":1},{\"SaveObjectNameId\":\"SonsCaveD.WoodenCrateItems.AAI\"},{\"SaveObjectNameId\":\"SonsCaveD.WoodenCrateItems.AAO\"},{\"SaveObjectNameId\":\"SonsCaveD.WoodenCrateItems.AAQ\",\"SaveValue\":1},{\"SaveObjectNameId\":\"SonsCaveD.WoodenCrateItems.AAG\",\"SaveValue\":1},{\"SaveObjectNameId\":\"SonsCaveD.WoodenCrateItems.AAA\",\"SaveValue\":1},{\"SaveObjectNameId\":\"SonsCaveD.WoodenCrateItems.AAZ\"},{\"SaveObjectNameId\":\"CaveD.BoardsF\"},{\"SaveObjectNameId\":\"SonsCaveD.BasicStorageCrateItems.AAX\"},{\"SaveObjectNameId\":\"SonsCaveD.BasicStorageCrateItems.AAV\"},{\"SaveObjectNameId\":\"SonsCaveD.BasicStorageCrateItems.AAJ\"},{\"SaveObjectNameId\":\"CaveD.BoardsG\"},{\"SaveObjectNameId\":\"SonsCaveD.BasicStorageCrateItems.AAM\"},{\"SaveObjectNameId\":\"SonsCaveD.BasicStorageCrateItems.AAE\"},{\"SaveObjectNameId\":\"CaveD.BoardsE\"},{\"SaveObjectNameId\":\"SonsCaveD.FlaresCase.AAK\"},{\"SaveObjectNameId\":\"SonsCaveD.FlaresCase.AAU\"},{\"SaveObjectNameId\":\"CaveD.BoardsD\"},{\"SaveObjectNameId\":\"CaveD.BoardsA\"},{\"SaveObjectNameId\":\"CaveD.BoardsC\"},{\"SaveObjectNameId\":\"CaveD.BoardsB\"},{\"SaveObjectNameId\":\"SonsStorySpots.WoodenCrateItems.BBM\",\"SaveValue\":1},{\"SaveObjectNameId\":\"DyingTacticalB.001\"},{\"SaveObjectNameId\":\"SonsStorySpots.BasicStorageCrateItems.AXG\"},{\"SaveObjectNameId\":\"SonsStorySpots.GraveItems.AXA\"},{\"SaveObjectNameId\":\"SonsStorySpots.GraveItems.AXT\"},{\"SaveObjectNameId\":\"SonsStorySpots.BasicStorageCrateItems.AYB\"},{\"SaveObjectNameId\":\"SonsStorySpots.AmmoCase.ATA\",\"SaveValue\":1},{\"SaveObjectNameId\":\"SonsStorySpots.AmmoCase.ATB\",\"SaveValue\":1},{\"SaveObjectNameId\":\"SonsStorySpots.WoodenCrateItems.ASS\",\"SaveValue\":1},{\"SaveObjectNameId\":\"SonsStorySpots.WoodenCrateItems.AST\",\"SaveValue\":1},{\"SaveObjectNameId\":\"SonsStorySpots.BasicStorageCrateItems.AUB\"},{\"SaveObjectNameId\":\"SonsStorySpots.BasicStorageCrateItems.AUC\"},{\"SaveObjectNameId\":\"SonsStorySpots.WoodenCrateItems.BAK\",\"SaveValue\":1},{\"SaveObjectNameId\":\"SonsStorySpots.WoodenCrateItems.BAI\",\"SaveValue\":1},{\"SaveObjectNameId\":\"SonsStorySpots.WoodenCrateItems.BAH\",\"SaveValue\":1},{\"SaveObjectNameId\":\"SonsStorySpots.WoodenCrateItems.BAJ\",\"SaveValue\":1},{\"SaveObjectNameId\":\"SonsStorySpots.GraveItems.AWV\"},{\"SaveObjectNameId\":\"SonsStorySpots.GraveItems.AXH\"},{\"SaveObjectNameId\":\"SonsStorySpots.GraveItems.AXZ\"},{\"SaveObjectNameId\":\"SonsStorySpots.GraveItems.AYS\"},{\"SaveObjectNameId\":\"SonsStorySpots.WoodenCrateItems.AZY\"},{\"SaveObjectNameId\":\"SonsStorySpots.WoodenCrateItems.AZC\"},{\"SaveObjectNameId\":\"SonsStorySpots.WoodenCrateItems.AZN\"},{\"SaveObjectNameId\":\"SonsStorySpots.WoodenCrateItems.AZX\"},{\"SaveObjectNameId\":\"SonsStorySpots.WoodenCrateItems.AYX\",\"SaveValue\":1},{\"SaveObjectNameId\":\"SonsStorySpots.WoodenCrateItems.AZD\",\"SaveValue\":1},{\"SaveObjectNameId\":\"SonsStorySpots.WoodenCrateItems.AZF\",\"SaveValue\":1},{\"SaveObjectNameId\":\"SonsStorySpots.WoodenCrateItems.AZV\",\"SaveValue\":1},{\"SaveObjectNameId\":\"SonsStorySpots.BasicStorageCrateItems.AZB\"},{\"SaveObjectNameId\":\"SonsStorySpots.WoodenCrateItems.AWG\"},{\"SaveObjectNameId\":\"SonsStorySpots.WoodenCrateItems.AWH\"},{\"SaveObjectNameId\":\"SonsStorySpots.WoodenCrateItems.AWK\"},{\"SaveObjectNameId\":\"SonsStorySpots.WoodenCrateItems.AWL\"},{\"SaveObjectNameId\":\"SonsStorySpots.GraveItems.AXU\",\"SaveValue\":1},{\"SaveObjectNameId\":\"SonsStorySpots.GraveItems.AXV\",\"SaveValue\":1},{\"SaveObjectNameId\":\"SonsStorySpots.GraveItems.ACN\"},{\"SaveObjectNameId\":\"SonsStorySpots.GraveItems.APL\"},{\"SaveObjectNameId\":\"SonsStorySpots.GraveItems.AQX\"},{\"SaveObjectNameId\":\"SonsStorySpots.WoodenCrateItems.AVA\"},{\"SaveObjectNameId\":\"SonsStorySpots.WoodenCrateItems.AVN\"},{\"SaveObjectNameId\":\"SonsStorySpots.BasicStorageCrateItems.AER\",\"SaveValue\":1},{\"SaveObjectNameId\":\"SonsStorySpots.BasicStorageCrateItems.AQB\",\"SaveValue\":1},{\"SaveObjectNameId\":\"SonsStorySpots.GraveItems.AHS\"},{\"SaveObjectNameId\":\"SonsStorySpots.GraveItems.AJK\"},{\"SaveObjectNameId\":\"SonsStorySpots.GraveItems.ANB\"},{\"SaveObjectNameId\":\"SonsStorySpots.GraveItems.AQE\"},{\"SaveObjectNameId\":\"SonsStorySpots.WoodenCrateItems.AVZ\"},{\"SaveObjectNameId\":\"SonsStorySpots.WoodenCrateItems.AWB\"},{\"SaveObjectNameId\":\"SonsCaveF.WoodenCrateItems.AAA\",\"SaveValue\":1},{\"SaveObjectNameId\":\"SonsCaveF.WoodenCrateItems.AAC\",\"SaveValue\":1},{\"SaveObjectNameId\":\"SonsCaveF.WoodenCrateItems.AAE\",\"SaveValue\":1},{\"SaveObjectNameId\":\"SonsCaveF.WoodenCrateItems.AAJ\",\"SaveValue\":1},{\"SaveObjectNameId\":\"SonsCaveF.WoodenCrateItems.AAG\",\"SaveValue\":1},{\"SaveObjectNameId\":\"SonsCaveF.WoodenCrateItems.AAD\",\"SaveValue\":1},{\"SaveObjectNameId\":\"SonsCaveF.WoodenCrateItems.AAH\",\"SaveValue\":1},{\"SaveObjectNameId\":\"SonsCaveF.WoodenCrateItems.AAF\",\"SaveValue\":1},{\"SaveObjectNameId\":\"SonsCaveF.WoodenCrateItems.AAB\",\"SaveValue\":1},{\"SaveObjectNameId\":\"SonsCaveF.WoodenCrateItems.AAI\",\"SaveValue\":1},{\"SaveObjectNameId\":\"CaveF.Boards\",\"SaveValue\":1},{\"SaveObjectNameId\":\"SonsStorySpots.BasicStorageCrateItems.ATH\"},{\"SaveObjectNameId\":\"SonsStorySpots.BasicStorageCrateItems.ATI\"},{\"SaveObjectNameId\":\"SonsStorySpots.WoodenCrateItems.ASD\"},{\"SaveObjectNameId\":\"SonsStorySpots.WoodenCrateItems.ASE\"},{\"SaveObjectNameId\":\"SonsStorySpots.WoodenCrateItems.ASF\"},{\"SaveObjectNameId\":\"SonsStorySpots.WoodenCrateItems.ACT\",\"SaveValue\":1},{\"SaveObjectNameId\":\"SonsStorySpots.WoodenCrateItems.ADA\"},{\"SaveObjectNameId\":\"SonsStorySpots.WoodenCrateItems.AFD\"},{\"SaveObjectNameId\":\"SonsStorySpots.WoodenCrateItems.AGR\"},{\"SaveObjectNameId\":\"SonsStorySpots.WoodenCrateItems.AIO\"},{\"SaveObjectNameId\":\"SonsStorySpots.WoodenCrateItems.ALI\"},{\"SaveObjectNameId\":\"SonsStorySpots.WoodenCrateItems.AVF\"},{\"SaveObjectNameId\":\"SonsStorySpots.WoodenCrateItems.AVM\"},{\"SaveObjectNameId\":\"SonsStorySpots.WoodenCrateItems.AVD\"},{\"SaveObjectNameId\":\"SonsStorySpots.WoodenCrateItems.AWF\"},{\"SaveObjectNameId\":\"SonsStorySpots.WoodenCrateItems.ARZ\"},{\"SaveObjectNameId\":\"SonsStorySpots.BasicStorageCrateItems.ATF\",\"SaveValue\":1},{\"SaveObjectNameId\":\"SonsStorySpots.BasicStorageCrateItems.ATG\",\"SaveValue\":1},{\"SaveObjectNameId\":\"SonsStorySpots.FlaresCase.ARX\",\"SaveValue\":1},{\"SaveObjectNameId\":\"SonsStorySpots.Meds.ARV\",\"SaveValue\":1},{\"SaveObjectNameId\":\"SonsStorySpots.WoodenCrateItems.ASB\",\"SaveValue\":1},{\"SaveObjectNameId\":\"SonsStorySpots.WoodenCrateItems.ABN\"},{\"SaveObjectNameId\":\"SonsStorySpots.WoodenCrateItems.AQQ\"},{\"SaveObjectNameId\":\"SonsStorySpots.GraveItems.ABV\"},{\"SaveObjectNameId\":\"SonsStorySpots.GraveItems.AEH\"},{\"SaveObjectNameId\":\"SonsStorySpots.GraveItems.AEL\"},{\"SaveObjectNameId\":\"SonsStorySpots.GraveItems.AIE\"},{\"SaveObjectNameId\":\"SonsStorySpots.GraveItems.AKC\"},{\"SaveObjectNameId\":\"SonsStorySpots.GraveItems.AQN\"},{\"SaveObjectNameId\":\"SonsStorySpots.GraveItems.ACK\"},{\"SaveObjectNameId\":\"SonsStorySpots.GraveItems.AEZ\"},{\"SaveObjectNameId\":\"SonsStorySpots.WoodenCrateItems.AUW\"},{\"SaveObjectNameId\":\"SonsStorySpots.WoodenCrateItems.AVJ\"},{\"SaveObjectNameId\":\"SonsStorySpots.GraveItems.ACQ\"},{\"SaveObjectNameId\":\"SonsStorySpots.GraveItems.ADM\"},{\"SaveObjectNameId\":\"SonsStorySpots.GraveItems.AMR\"},{\"SaveObjectNameId\":\"SonsStorySpots.WoodenCrateItems.AIF\"},{\"SaveObjectNameId\":\"SonsStorySpots.WoodenCrateItems.AMF\"},{\"SaveObjectNameId\":\"SonsStorySpots.WoodenCrateItems.ARG\"},{\"SaveObjectNameId\":\"SonsStorySpots.GraveItems.ABO\"},{\"SaveObjectNameId\":\"SonsStorySpots.GraveItems.AII\"},{\"SaveObjectNameId\":\"SonsStorySpots.WoodenCrateItems.AVU\"},{\"SaveObjectNameId\":\"SonsStorySpots.WoodenCrateItems.AWA\"},{\"SaveObjectNameId\":\"SonsStorySpots.WoodenCrateItems.AWE\"},{\"SaveObjectNameId\":\"DyingTacticalA.001\",\"SaveValue\":1},{\"SaveObjectNameId\":\"SonsStorySpots.BasicStorageCrateItems.AYZ\",\"SaveValue\":1},{\"SaveObjectNameId\":\"SonsStorySpots.BasicStorageCrateItems.AZL\",\"SaveValue\":1},{\"SaveObjectNameId\":\"SonsStorySpots.BasicStorageCrateItems.AZO\",\"SaveValue\":1},{\"SaveObjectNameId\":\"SonsStorySpots.GrenadeCase.AZT\",\"SaveValue\":1},{\"SaveObjectNameId\":\"DyingTacticalB.000\"},{\"SaveObjectNameId\":\"SonsStorySpots.AmmoCase.AJH\"},{\"SaveObjectNameId\":\"SonsStorySpots.BasicStorageCrateItems.AHO\"},{\"SaveObjectNameId\":\"SonsStorySpots.BasicStorageCrateItems.APN\"},{\"SaveObjectNameId\":\"SonsStorySpots.FlaresCase.AGK\"},{\"SaveObjectNameId\":\"SonsStorySpots.Meds.ABC\"},{\"SaveObjectNameId\":\"SonsStorySpots.GraveItems.ADZ\"},{\"SaveObjectNameId\":\"SonsStorySpots.GraveItems.AKB\"},{\"SaveObjectNameId\":\"SonsStorySpots.GraveItems.APR\"},{\"SaveObjectNameId\":\"SonsStorySpots.SuitcaseItems.AVB\"},{\"SaveObjectNameId\":\"SonsStorySpots.SuitcaseItems.AVR\"},{\"SaveObjectNameId\":\"SonsStorySpots.SuitcaseItems.AVX\"},{\"SaveObjectNameId\":\"SonsStorySpots.SuitcaseItems.AWD\"},{\"SaveObjectNameId\":\"SonsStorySpots.GraveItems.AMG\"},{\"SaveObjectNameId\":\"SonsStorySpots.GraveItems.AQV\"},{\"SaveObjectNameId\":\"DyingTacticalB.002\",\"SaveValue\":1},{\"SaveObjectNameId\":\"SonsStorySpots.BasicStorageCrateItems.AUF\",\"SaveValue\":1},{\"SaveObjectNameId\":\"SonsStorySpots.GrenadeCase.AVC\",\"SaveValue\":1},{\"SaveObjectNameId\":\"SonsStorySpots.AmmoCase.AHQ\"},{\"SaveObjectNameId\":\"SonsStorySpots.BasicStorageCrateItems.AVY\"},{\"SaveObjectNameId\":\"SonsStorySpots.BasicStorageCrateItems.AWC\"},{\"SaveObjectNameId\":\"SonsStorySpots.Meds.AIK\"},{\"SaveObjectNameId\":\"SonsStorySpots.WoodenCrateItems.ACU\"},{\"SaveObjectNameId\":\"SonsStorySpots.WoodenCrateItems.ADR\"},{\"SaveObjectNameId\":\"SonsStorySpots.WoodenCrateItems.AEI\"},{\"SaveObjectNameId\":\"SonsStorySpots.WoodenCrateItems.AOZ\"},{\"SaveObjectNameId\":\"SonsStorySpots.GraveItems.AAF\"},{\"SaveObjectNameId\":\"SonsStorySpots.GraveItems.ACD\"},{\"SaveObjectNameId\":\"SonsStorySpots.GraveItems.ACX\"},{\"SaveObjectNameId\":\"SonsStorySpots.GraveItems.AMS\"},{\"SaveObjectNameId\":\"SonsCaveA.WoodenCrateItems.AAH\",\"SaveValue\":1},{\"SaveObjectNameId\":\"SonsCaveA.WoodenCrateItems.AAE\",\"SaveValue\":1},{\"SaveObjectNameId\":\"SonsCaveA.WoodenCrateItems.AAJ\",\"SaveValue\":1},{\"SaveObjectNameId\":\"SonsCaveA.WoodenCrateItems.AAL\",\"SaveValue\":1},{\"SaveObjectNameId\":\"SonsCaveA.WoodenCrateItems.AAI\",\"SaveValue\":1},{\"SaveObjectNameId\":\"SonsCaveA.WoodenCrateItems.AAF\",\"SaveValue\":1},{\"SaveObjectNameId\":\"SonsCaveA.WoodenCrateItems.AAM\",\"SaveValue\":1},{\"SaveObjectNameId\":\"SonsCaveA.WoodenCrateItems.AAN\",\"SaveValue\":1},{\"SaveObjectNameId\":\"SonsCaveA.WoodenCrateItems.AAG\",\"SaveValue\":1},{\"SaveObjectNameId\":\"SonsCaveA.WoodenCrateItems.AAK\",\"SaveValue\":1},{\"SaveObjectNameId\":\"SonsCaveA.WoodenCrateItems.AAC\",\"SaveValue\":1},{\"SaveObjectNameId\":\"SonsCaveA.WoodenCrateItems.AAO\",\"SaveValue\":1},{\"SaveObjectNameId\":\"SonsCaveA.WoodenCrateItems.AAB\",\"SaveValue\":1},{\"SaveObjectNameId\":\"SonsCaveA.WoodenCrateItems.AAD\",\"SaveValue\":1},{\"SaveObjectNameId\":\"SonsCaveA.FlaresCase.AAA\",\"SaveValue\":1},{\"SaveObjectNameId\":\"CaveA.BoardsA\",\"SaveValue\":1},{\"SaveObjectNameId\":\"CaveA.BoardsB\",\"SaveValue\":1},{\"SaveObjectNameId\":\"SonsStorySpots.GraveItems.ACI\"},{\"SaveObjectNameId\":\"SonsStorySpots.GraveItems.ADY\"},{\"SaveObjectNameId\":\"SonsStorySpots.GraveItems.ALD\"},{\"SaveObjectNameId\":\"SonsStorySpots.GraveItems.ALN\"},{\"SaveObjectNameId\":\"SonsStorySpots.BasicStorageCrateItems.AUR\"},{\"SaveObjectNameId\":\"SonsStorySpots.BasicStorageCrateItems.AUU\"},{\"SaveObjectNameId\":\"SonsStorySpots.BasicStorageCrateItems.AVO\"},{\"SaveObjectNameId\":\"SonsStorySpots.WoodenCrateItems.ALJ\"},{\"SaveObjectNameId\":\"SonsStorySpots.WoodenCrateItems.AOM\"},{\"SaveObjectNameId\":\"SonsStorySpots.WoodenCrateItems.AOS\"},{\"SaveObjectNameId\":\"SonsStorySpots.BasicStorageCrateItems.AAW\",\"SaveValue\":1},{\"SaveObjectNameId\":\"SonsStorySpots.GraveItems.AIY\"},{\"SaveObjectNameId\":\"SonsStorySpots.BasicStorageCrateItems.ADE\",\"SaveValue\":1},{\"SaveObjectNameId\":\"SonsStorySpots.BasicStorageCrateItems.AEE\",\"SaveValue\":1},{\"SaveObjectNameId\":\"SonsStorySpots.BasicStorageCrateItems.AKF\",\"SaveValue\":1},{\"SaveObjectNameId\":\"SonsStorySpots.BasicStorageCrateItems.APM\",\"SaveValue\":1},{\"SaveObjectNameId\":\"SonsStorySpots.BasicStorageCrateItems.AAJ\"},{\"SaveObjectNameId\":\"SonsStorySpots.BasicStorageCrateItems.AIJ\"},{\"SaveObjectNameId\":\"SonsStorySpots.SuitcaseItems.ALQ\"},{\"SaveObjectNameId\":\"SonsStorySpots.SuitcaseItems.AMN\"},{\"SaveObjectNameId\":\"CaveB.Sluggy\",\"SaveValue\":3},{\"SaveObjectNameId\":\"CaveB.BoardsB\"},{\"SaveObjectNameId\":\"SonsCaveB.WoodenCrateItems.AAB\",\"SaveValue\":1},{\"SaveObjectNameId\":\"SonsCaveB.WoodenCrateItems.AAI\"},{\"SaveObjectNameId\":\"SonsCaveB.WoodenCrateItems.AAJ\"},{\"SaveObjectNameId\":\"SonsCaveB.WoodenCrateItems.AAE\",\"SaveValue\":1},{\"SaveObjectNameId\":\"SonsCaveB.WoodenCrateItems.AAK\"},{\"SaveObjectNameId\":\"SonsCaveB.WoodenCrateItems.AAH\",\"SaveValue\":1},{\"SaveObjectNameId\":\"SonsCaveB.AmmoCase.AAF\"},{\"SaveObjectNameId\":\"SonsCaveB.AmmoCase.AAC\",\"SaveValue\":1},{\"SaveObjectNameId\":\"SonsCaveB.AmmoCase.AAA\",\"SaveValue\":1},{\"SaveObjectNameId\":\"SonsCaveB.FlaresCase.AAG\",\"SaveValue\":1},{\"SaveObjectNameId\":\"SonsCaveB.FlaresCase.AAD\"},{\"SaveObjectNameId\":\"CaveB.BoardsA\",\"SaveValue\":1},{\"SaveObjectNameId\":\"SonsStorySpots.BasicStorageCrateItems.ABL\",\"SaveValue\":1},{\"SaveObjectNameId\":\"SonsStorySpots.BasicStorageCrateItems.ACF\",\"SaveValue\":1},{\"SaveObjectNameId\":\"SonsStorySpots.BasicStorageCrateItems.AFM\",\"SaveValue\":1},{\"SaveObjectNameId\":\"SonsStorySpots.BasicStorageCrateItems.AUD\"},{\"SaveObjectNameId\":\"SonsStorySpots.BasicStorageCrateItems.AUE\"},{\"SaveObjectNameId\":\"SonsStorySpots.BasicStorageCrateItems.AUN\"},{\"SaveObjectNameId\":\"SonsStorySpots.BasicStorageCrateItems.APX\"},{\"SaveObjectNameId\":\"SonsStorySpots.AmmoCase.ALA\"},{\"SaveObjectNameId\":\"SonsStorySpots.BasicStorageCrateItems.ACM\"},{\"SaveObjectNameId\":\"SonsStorySpots.BasicStorageCrateItems.ADX\"},{\"SaveObjectNameId\":\"SonsStorySpots.BasicStorageCrateItems.AQT\"},{\"SaveObjectNameId\":\"SonsStorySpots.Meds.AHV\"},{\"SaveObjectNameId\":\"SonsStorySpots.WoodenCrateItems.AHT\"},{\"SaveObjectNameId\":\"SonsStorySpots.WoodenCrateItems.AMT\"},{\"SaveObjectNameId\":\"SonsStorySpots.BasicStorageCrateItems.AHI\",\"SaveValue\":1},{\"SaveObjectNameId\":\"SonsStorySpots.BasicStorageCrateItems.ADC\"},{\"SaveObjectNameId\":\"SonsCaveC.WoodenCrateItems.AAJ\"},{\"SaveObjectNameId\":\"SonsCaveC.WoodenCrateItems.AAU\"},{\"SaveObjectNameId\":\"SonsCaveC.WoodenCrateItems.AAF\"},{\"SaveObjectNameId\":\"SonsCaveC.WoodenCrateItems.AAM\"},{\"SaveObjectNameId\":\"SonsCaveC.WoodenCrateItems.AAK\"},{\"SaveObjectNameId\":\"SonsCaveC.GrenadeCase.AAA\",\"SaveValue\":1},{\"SaveObjectNameId\":\"SonsCaveC.GrenadeCase.AAS\",\"SaveValue\":1},{\"SaveObjectNameId\":\"SonsCaveC.GrenadeCase.AAN\"},{\"SaveObjectNameId\":\"SonsCaveC.GrenadeCase.AAV\"},{\"SaveObjectNameId\":\"SonsCaveC.GrenadeCase.AAD\",\"SaveValue\":1},{\"SaveObjectNameId\":\"CaveC.Sluggy\",\"SaveValue\":3},{\"SaveObjectNameId\":\"SonsCaveC.AmmoCase.AAH\",\"SaveValue\":1},{\"SaveObjectNameId\":\"SonsCaveC.AmmoCase.AAQ\"},{\"SaveObjectNameId\":\"SonsCaveC.AmmoCase.AAI\"},{\"SaveObjectNameId\":\"SonsCaveC.AmmoCase.AAT\",\"SaveValue\":1},{\"SaveObjectNameId\":\"SonsCaveC.AmmoCase.AAP\",\"SaveValue\":1},{\"SaveObjectNameId\":\"SonsCaveC.AmmoCase.AAL\",\"SaveValue\":1},{\"SaveObjectNameId\":\"SonsCaveC.FlaresCase.AAE\",\"SaveValue\":1},{\"SaveObjectNameId\":\"SonsCaveC.FlaresCase.AAG\",\"SaveValue\":1},{\"SaveObjectNameId\":\"SonsCaveC.Meds.AAO\",\"SaveValue\":1},{\"SaveObjectNameId\":\"SonsCaveC.Meds.AAR\",\"SaveValue\":1},{\"SaveObjectNameId\":\"SonsCaveC.Meds.AAC\"},{\"SaveObjectNameId\":\"SonsCaveC.Meds.AAB\",\"SaveValue\":1},{\"SaveObjectNameId\":\"SonsCaveC.Meds.AAW\"},{\"SaveObjectNameId\":\"SonsStorySpots.WoodenCrateItems.AZG\"},{\"SaveObjectNameId\":\"SonsStorySpots.WoodenCrateItems.AZJ\"},{\"SaveObjectNameId\":\"SonsStorySpots.GraveItems.AMX\"},{\"SaveObjectNameId\":\"SonsStorySpots.GraveItems.AMY\"},{\"SaveObjectNameId\":\"SonsStorySpots.GraveItems.ARJ\"},{\"SaveObjectNameId\":\"SonsStorySpots.WoodenCrateItems.AFO\",\"SaveValue\":1},{\"SaveObjectNameId\":\"SonsStorySpots.WoodenCrateItems.AHR\",\"SaveValue\":1},{\"SaveObjectNameId\":\"SonsStorySpots.BasicStorageCrateItems.ARC\"},{\"SaveObjectNameId\":\"Bunker_A.BasicStorageCrateItems.AAA\",\"SaveValue\":1},{\"SaveObjectNameId\":\"Bunker_A.BasicStorageCrateItems.AAB\",\"SaveValue\":1},{\"SaveObjectNameId\":\"BunkerFoodAndDining.BasicStorageCrateItems.AAA\",\"SaveValue\":1},{\"SaveObjectNameId\":\"BunkerFoodAndDining.BasicStorageCrateItems.AAB\",\"SaveValue\":1},{\"SaveObjectNameId\":\"BunkerFoodAndDining.BasicStorageCrateItems.AAC\",\"SaveValue\":1},{\"SaveObjectNameId\":\"BunkerFoodAndDining.PufftonBossSpawn\",\"SaveValue\":1},{\"SaveObjectNameId\":\"BunkerFoodAndDining.Cutscene.PuffysVsBadGuys\",\"SaveValue\":1},{\"SaveObjectNameId\":\"BunkerFoodAndDining.EntranceHatch\",\"SaveValue\":3},{\"SaveObjectNameId\":\"BunkerFoodAndDining.DiningDoor\",\"SaveValue\":3},{\"SaveObjectNameId\":\"BunkerFoodAndDining.EntranceDoor\",\"SaveValue\":3},{\"SaveObjectNameId\":\"SonsStorySpots.BasicStorageCrateItems.AOH\"},{\"SaveObjectNameId\":\"SonsStorySpots.AmmoCase.AGP\"},{\"SaveObjectNameId\":\"SonsStorySpots.Meds.ARB\"},{\"SaveObjectNameId\":\"SonsStorySpots.BasicStorageCrateItems.AFI\"},{\"SaveObjectNameId\":\"SonsStorySpots.BasicStorageCrateItems.AAZ\"},{\"SaveObjectNameId\":\"SonsStorySpots.BasicStorageCrateItems.AQD\"},{\"SaveObjectNameId\":\"SonsStorySpots.WoodenCrateItems.ACV\"},{\"SaveObjectNameId\":\"SonsStorySpots.GrenadeCase.AFS\"},{\"SaveObjectNameId\":\"SonsStorySpots.GrenadeCase.AND\"},{\"SaveObjectNameId\":\"SonsStorySpots.AmmoCase.ABA\"},{\"SaveObjectNameId\":\"SonsStorySpots.BasicStorageCrateItems.ARF\",\"SaveValue\":1},{\"SaveObjectNameId\":\"SonsStorySpots.SuitcaseItems.APV\",\"SaveValue\":1},{\"SaveObjectNameId\":\"SonsStorySpots.BasicStorageCrateItems.AEB\"},{\"SaveObjectNameId\":\"SonsStorySpots.BasicStorageCrateItems.AJG\"},{\"SaveObjectNameId\":\"SonsStorySpots.BasicStorageCrateItems.ADI\"},{\"SaveObjectNameId\":\"SonsStorySpots.BasicStorageCrateItems.AEN\"},{\"SaveObjectNameId\":\"SonsStorySpots.FlaresCase.ANW\"},{\"SaveObjectNameId\":\"BunkerEntertainment.BasicStorageCrateItems.AAB\",\"SaveValue\":1},{\"SaveObjectNameId\":\"BunkerEntertainment.BasicStorageCrateItems.AAA\",\"SaveValue\":1},{\"SaveObjectNameId\":\"BunkerEntertainment.AmmoCase.AAD\",\"SaveValue\":1},{\"SaveObjectNameId\":\"BunkerEntertainment.Meds.AAC\",\"SaveValue\":1},{\"SaveObjectNameId\":\"EntertainmentBunker.ExitDoor\",\"SaveValue\":3},{\"SaveObjectNameId\":\"EntertainmentBunker.EntranceDoor\",\"SaveValue\":3},{\"SaveObjectNameId\":\"EntertainmentBunker.ComputerRoomDoor\",\"SaveValue\":3},{\"SaveObjectNameId\":\"SonsStorySpots.BasicStorageCrateItems.AEF\"},{\"SaveObjectNameId\":\"SonsStorySpots.BasicStorageCrateItems.APJ\"},{\"SaveObjectNameId\":\"SonsStorySpots.FlaresCase.ALR\"},{\"SaveObjectNameId\":\"IceCaves.WoodenCrateItems.AAB\"},{\"SaveObjectNameId\":\"IceCaves.WoodenCrateItems.AAJ\"},{\"SaveObjectNameId\":\"IceCaves.WoodenCrateItems.AAL\"},{\"SaveObjectNameId\":\"IceCaves.WoodenCrateItems.AAM\"},{\"SaveObjectNameId\":\"SonsStorySpots.WoodenCrateItems.AUX\"},{\"SaveObjectNameId\":\"SonsStorySpots.WoodenCrateItems.AVL\"},{\"SaveObjectNameId\":\"SonsStorySpots.WoodenCrateItems.AYW\"},{\"SaveObjectNameId\":\"SonsStorySpots.WoodenCrateItems.AZE\"},{\"SaveObjectNameId\":\"SonsStorySpots.WoodenCrateItems.AZI\"},{\"SaveObjectNameId\":\"SonsStorySpots.BasicStorageCrateItems.AIX\",\"SaveValue\":1},{\"SaveObjectNameId\":\"SonsStorySpots.BasicStorageCrateItems.ALC\",\"SaveValue\":1},{\"SaveObjectNameId\":\"SonsStorySpots.BasicStorageCrateItems.ALE\",\"SaveValue\":1},{\"SaveObjectNameId\":\"SonsStorySpots.BasicStorageCrateItems.AMO\",\"SaveValue\":1},{\"SaveObjectNameId\":\"SonsStorySpots.BasicStorageCrateItems.AQS\",\"SaveValue\":1},{\"SaveObjectNameId\":\"SonsStorySpots.BasicStorageCrateItems.ARN\"},{\"SaveObjectNameId\":\"SonsStorySpots.BasicStorageCrateItems.AFA\",\"SaveValue\":1},{\"SaveObjectNameId\":\"SonsStorySpots.BasicStorageCrateItems.AHD\",\"SaveValue\":1},{\"SaveObjectNameId\":\"SonsStorySpots.BasicStorageCrateItems.AHU\"},{\"SaveObjectNameId\":\"SonsStorySpots.BasicStorageCrateItems.AJB\",\"SaveValue\":1},{\"SaveObjectNameId\":\"SonsStorySpots.BasicStorageCrateItems.ANV\",\"SaveValue\":1},{\"SaveObjectNameId\":\"SonsStorySpots.BasicStorageCrateItems.ANY\"},{\"SaveObjectNameId\":\"LuxuryBunker.EntranceDoor\"},{\"SaveObjectNameId\":\"SonsStorySpots.GraveItems.ABG\"},{\"SaveObjectNameId\":\"SonsStorySpots.GraveItems.AKE\"},{\"SaveObjectNameId\":\"SonsStorySpots.GraveItems.APG\"},{\"SaveObjectNameId\":\"SonsStorySpots.GraveItems.AQP\"},{\"SaveObjectNameId\":\"SonsStorySpots.WoodenCrateItems.ATP\"},{\"SaveObjectNameId\":\"SonsStorySpots.WoodenCrateItems.ATQ\"},{\"SaveObjectNameId\":\"SonsStorySpots.WoodenCrateItems.ATS\"},{\"SaveObjectNameId\":\"SonsStorySpots.BasicStorageCrateItems.AUZ\"},{\"SaveObjectNameId\":\"IceCaves.WoodenCrateItems.AAH\",\"SaveValue\":1},{\"SaveObjectNameId\":\"IceCaves.WoodenCrateItems.AAI\",\"SaveValue\":1},{\"SaveObjectNameId\":\"IceCaves.WoodenCrateItems.AAK\",\"SaveValue\":1},{\"SaveObjectNameId\":\"SonsStorySpots.BasicStorageCrateItems.AYJ\"},{\"SaveObjectNameId\":\"SonsStorySpots.BasicStorageCrateItems.AYT\"},{\"SaveObjectNameId\":\"SonsStorySpots.AmmoCase.AKO\"},{\"SaveObjectNameId\":\"SonsStorySpots.WoodenCrateItems.AIP\"},{\"SaveObjectNameId\":\"SonsStorySpots.WoodenCrateItems.APS\"},{\"SaveObjectNameId\":\"SonsStorySpots.WoodenCrateItems.AUV\"},{\"SaveObjectNameId\":\"SonsStorySpots.WoodenCrateItems.AUY\"},{\"SaveObjectNameId\":\"SonsStorySpots.GraveItems.AAE\"},{\"SaveObjectNameId\":\"SonsStorySpots.GraveItems.ABB\"},{\"SaveObjectNameId\":\"SonsStorySpots.GraveItems.ARH\"},{\"SaveObjectNameId\":\"SonsStorySpots.WoodenCrateItems.BBD\",\"SaveValue\":1},{\"SaveObjectNameId\":\"SonsStorySpots.WoodenCrateItems.BBE\",\"SaveValue\":1},{\"SaveObjectNameId\":\"SonsStorySpots.GrenadeCase.BAL\"},{\"SaveObjectNameId\":\"SonsStorySpots.BasicStorageCrateItems.AZM\",\"SaveValue\":1},{\"SaveObjectNameId\":\"SonsStorySpots.BasicStorageCrateItems.AZS\",\"SaveValue\":1},{\"SaveObjectNameId\":\"SonsStorySpots.SuitcaseItems.ATL\"},{\"SaveObjectNameId\":\"SonsStorySpots.SuitcaseItems.ATM\"},{\"SaveObjectNameId\":\"SonsStorySpots.BasicStorageCrateItems.AZQ\"},{\"SaveObjectNameId\":\"SonsStorySpots.WoodenCrateItems.AAU\"},{\"SaveObjectNameId\":\"SonsStorySpots.WoodenCrateItems.AHN\"},{\"SaveObjectNameId\":\"SonsStorySpots.WoodenCrateItems.API\"},{\"SaveObjectNameId\":\"SonsStorySpots.WoodenCrateItems.AQR\"},{\"SaveObjectNameId\":\"DyingTacticalA.005\"},{\"SaveObjectNameId\":\"SonsStorySpots.AmmoCase.ALL\"},{\"SaveObjectNameId\":\"SonsStorySpots.BasicStorageCrateItems.AEX\"},{\"SaveObjectNameId\":\"SonsStorySpots.BasicStorageCrateItems.AFF\"},{\"SaveObjectNameId\":\"SonsStorySpots.FlaresCase.AOU\"},{\"SaveObjectNameId\":\"SonsStorySpots.GrenadeCase.AAS\"},{\"SaveObjectNameId\":\"SonsStorySpots.Meds.AOP\"},{\"SaveObjectNameId\":\"SonsStorySpots.BasicStorageCrateItems.AUI\"},{\"SaveObjectNameId\":\"SonsStorySpots.BasicStorageCrateItems.AUL\"},{\"SaveObjectNameId\":\"SonsStorySpots.SuitcaseItems.AXE\"},{\"SaveObjectNameId\":\"SonsStorySpots.SuitcaseItems.AYP\"}]}"}}