{"Version":"0.0.0","Data":{"PlayerInventory":"{\"Version\":\"1.0.0\",\"QuickSelect\":{\"Version\":\"0.0.0\",\"Slots\":[{\"ItemId\":379,\"Age\":1681.71375},{\"ItemId\":474,\"Age\":1681.71375},{\"ItemId\":393,\"Age\":5827.8623},{\"ItemId\":459,\"Age\":1681.71375},{\"ItemId\":476,\"Age\":1681.71375},{\"ItemId\":440,\"Age\":1681.71375},{\"ItemId\":381,\"Age\":1681.71375},{\"ItemId\":400,\"Age\":1681.71375},{\"ItemId\":589,\"Age\":1681.71375}]},\"EquippedItems\":[{\"ItemId\":431,\"Modules\":[{\"Version\":\"0.0.0\"},{\"Version\":\"0.0.0\",\"ModuleId\":8}]},{\"ItemId\":444,\"Modules\":[{\"RecipeId\":-1,\"CurrentVolume\":104,\"Version\":\"0.0.0\",\"ModuleId\":7}]}],\"ItemInstanceManagerData\":{\"Version\":\"0.0.0\",\"ItemBlocks\":[{\"ItemId\":402,\"TotalCount\":1,\"UniqueItems\":[{\"Modules\":[{\"Version\":\"0.0.0\"}]}]},{\"ItemId\":380,\"TotalCount\":1,\"UniqueItems\":[{\"Modules\":[{\"Version\":\"0.0.0\"}]}]},{\"ItemId\":351,\"TotalCount\":1,\"UniqueItems\":[]},{\"ItemId\":552,\"TotalCount\":1,\"UniqueItems\":[]},{\"ItemId\":690,\"TotalCount\":1,\"UniqueItems\":[]},{\"ItemId\":486,\"TotalCount\":1,\"UniqueItems\":[]},{\"ItemId\":476,\"TotalCount\":30,\"UniqueItems\":[]},{\"ItemId\":393,\"TotalCount\":2,\"UniqueItems\":[]},{\"ItemId\":419,\"TotalCount\":34,\"UniqueItems\":[]},{\"ItemId\":440,\"TotalCount\":10,\"UniqueItems\":[]},{\"ItemId\":364,\"TotalCount\":70,\"UniqueItems\":[]},{\"ItemId\":504,\"TotalCount\":5,\"UniqueItems\":[]},{\"ItemId\":410,\"TotalCount\":10,\"UniqueItems\":[]},{\"ItemId\":414,\"TotalCount\":5,\"UniqueItems\":[]},{\"ItemId\":413,\"TotalCount\":1,\"UniqueItems\":[]},{\"ItemId\":589,\"TotalCount\":1,\"UniqueItems\":[]},{\"ItemId\":420,\"TotalCount\":3,\"UniqueItems\":[]},{\"ItemId\":368,\"TotalCount\":19,\"UniqueItems\":[]},{\"ItemId\":484,\"TotalCount\":995,\"UniqueItems\":[]},{\"ItemId\":362,\"TotalCount\":125,\"UniqueItems\":[]},{\"ItemId\":650,\"TotalCount\":1,\"UniqueItems\":[]},{\"ItemId\":599,\"TotalCount\":20,\"UniqueItems\":[]},{\"ItemId\":474,\"TotalCount\":5,\"UniqueItems\":[{\"Modules\":[{\"ChannelWeights\":{\"x\":1.401298E-45},\"Version\":\"0.0.0\"},{\"AmmoType\":474,\"CurrentAmmo\":1,\"WeaponModIds\":[],\"Version\":\"0.0.0\",\"ModuleId\":4}]},{\"Modules\":[{\"Version\":\"0.0.0\"}]},{\"Modules\":[{\"ChannelWeights\":{\"x\":1.401298E-45},\"Version\":\"0.0.0\"},{\"AmmoType\":474,\"CurrentAmmo\":1,\"WeaponModIds\":[],\"Version\":\"0.0.0\",\"ModuleId\":4}]},{\"Modules\":[{\"Version\":\"0.0.0\"}]},{\"Modules\":[{\"Version\":\"0.0.0\"},{\"AmmoType\":474,\"CurrentAmmo\":1,\"WeaponModIds\":[],\"Version\":\"0.0.0\",\"ModuleId\":4}]}]},{\"ItemId\":400,\"TotalCount\":10,\"UniqueItems\":[]},{\"ItemId\":430,\"TotalCount\":3,\"UniqueItems\":[]},{\"ItemId\":418,\"TotalCount\":44,\"UniqueItems\":[]},{\"ItemId\":434,\"TotalCount\":5,\"UniqueItems\":[]},{\"ItemId\":443,\"TotalCount\":1,\"UniqueItems\":[{\"Modules\":[{\"AmmoType\":507,\"WeaponModIds\":[],\"Version\":\"0.0.0\",\"ModuleId\":4}]}]},{\"ItemId\":415,\"TotalCount\":56,\"UniqueItems\":[]},{\"ItemId\":471,\"TotalCount\":1,\"UniqueItems\":[{\"Modules\":[{\"RecipeId\":-1,\"Version\":\"0.0.0\",\"ModuleId\":7}]}]},{\"ItemId\":446,\"TotalCount\":20,\"UniqueItems\":[]},{\"ItemId\":635,\"TotalCount\":7,\"UniqueItems\":[]},{\"ItemId\":405,\"TotalCount\":16,\"UniqueItems\":[]},{\"ItemId\":502,\"TotalCount\":72,\"UniqueItems\":[]},{\"ItemId\":518,\"TotalCount\":1,\"UniqueItems\":[]},{\"ItemId\":450,\"TotalCount\":5,\"UniqueItems\":[]},{\"ItemId\":603,\"TotalCount\":2,\"UniqueItems\":[]},{\"ItemId\":496,\"TotalCount\":474,\"UniqueItems\":[]},{\"ItemId\":651,\"TotalCount\":1,\"UniqueItems\":[]},{\"ItemId\":523,\"TotalCount\":2,\"UniqueItems\":[]},{\"ItemId\":477,\"TotalCount\":1,\"UniqueItems\":[{\"Modules\":[{\"Version\":\"0.0.0\"},{\"Version\":\"0.0.0\",\"ModuleId\":8}]}]},{\"ItemId\":480,\"TotalCount\":2,\"UniqueItems\":[{\"Modules\":[{\"SourceActorType\":25,\"ActorSeed\":-1265270123,\"Version\":\"0.0.0\",\"ModuleId\":1},{\"CurrentState\":3,\"Version\":\"0.0.0\",\"ModuleId\":3},{\"Version\":\"0.0.0\"}]},{\"Modules\":[{\"SourceActorType\":23,\"ActorSeed\":-200763644,\"Version\":\"0.0.0\",\"ModuleId\":1},{\"CurrentState\":3,\"Version\":\"0.0.0\",\"ModuleId\":3},{\"Version\":\"0.0.0\"}]}]},{\"ItemId\":606,\"TotalCount\":2,\"UniqueItems\":[]},{\"ItemId\":725,\"TotalCount\":4,\"UniqueItems\":[]},{\"ItemId\":724,\"TotalCount\":11,\"UniqueItems\":[]},{\"ItemId\":647,\"TotalCount\":1,\"UniqueItems\":[]},{\"ItemId\":379,\"TotalCount\":1,\"UniqueItems\":[{\"Modules\":[{\"ChannelWeights\":{\"x\":2.802597E-45},\"Version\":\"0.0.0\"},{\"Version\":\"0.0.0\",\"ModuleId\":8}]}]},{\"ItemId\":652,\"TotalCount\":1,\"UniqueItems\":[]},{\"ItemId\":529,\"TotalCount\":5,\"UniqueItems\":[{\"Modules\":[{\"IconIndex\":18,\"Version\":\"0.0.0\",\"ModuleId\":2}]},{\"Modules\":[{\"IconIndex\":18,\"Version\":\"0.0.0\",\"ModuleId\":2}]},{\"Modules\":[{\"IconIndex\":13,\"Version\":\"0.0.0\",\"ModuleId\":2}]},{\"Modules\":[{\"IconIndex\":5,\"Version\":\"0.0.0\",\"ModuleId\":2}]},{\"Modules\":[{\"IconIndex\":18,\"Version\":\"0.0.0\",\"ModuleId\":2}]}]},{\"ItemId\":590,\"TotalCount\":1,\"UniqueItems\":[]},{\"ItemId\":398,\"TotalCount\":1,\"UniqueItems\":[]},{\"ItemId\":507,\"TotalCount\":14,\"UniqueItems\":[{\"Modules\":[{\"Version\":\"0.0.0\",\"ModuleId\":9}]},{\"Modules\":[{\"Version\":\"0.0.0\",\"ModuleId\":9}]},{\"Modules\":[{\"Version\":\"0.0.0\",\"ModuleId\":9}]},{\"Modules\":[{\"Version\":\"0.0.0\",\"ModuleId\":9}]},{\"Modules\":[{\"Version\":\"0.0.0\",\"ModuleId\":9}]},{\"Modules\":[{\"Version\":\"0.0.0\",\"ModuleId\":9}]},{\"Modules\":[{\"Version\":\"0.0.0\",\"ModuleId\":9}]},{\"Modules\":[{\"Version\":\"0.0.0\",\"ModuleId\":9}]},{\"Modules\":[{\"Version\":\"0.0.0\",\"ModuleId\":9}]},{\"Modules\":[{\"Version\":\"0.0.0\",\"ModuleId\":9}]},{\"Modules\":[{\"Version\":\"0.0.0\",\"ModuleId\":9}]},{\"Modules\":[{\"Version\":\"0.0.0\",\"ModuleId\":9}]},{\"Modules\":[{\"Version\":\"0.0.0\",\"ModuleId\":9}]},{\"Modules\":[{\"Version\":\"0.0.0\",\"ModuleId\":9}]}]},{\"ItemId\":481,\"TotalCount\":2,\"UniqueItems\":[{\"Modules\":[{\"Version\":\"0.0.0\"},{\"SourceActorType\":56,\"ActorSeed\":662629418,\"Version\":\"0.0.0\",\"ModuleId\":1},{\"CurrentState\":3,\"Version\":\"0.0.0\",\"ModuleId\":3}]},{\"Modules\":[{\"Version\":\"0.0.0\"},{\"SourceActorType\":15,\"ActorSeed\":-1499055591,\"Version\":\"0.0.0\",\"ModuleId\":1},{\"CurrentState\":3,\"Version\":\"0.0.0\",\"ModuleId\":3},{\"AmmoType\":481,\"CurrentAmmo\":1,\"WeaponModIds\":[],\"Version\":\"0.0.0\",\"ModuleId\":4}]}]},{\"ItemId\":696,\"TotalCount\":1,\"UniqueItems\":[]},{\"ItemId\":387,\"TotalCount\":4,\"UniqueItems\":[]},{\"ItemId\":598,\"TotalCount\":20,\"UniqueItems\":[]},{\"ItemId\":626,\"TotalCount\":1,\"UniqueItems\":[]},{\"ItemId\":469,\"TotalCount\":2,\"UniqueItems\":[]},{\"ItemId\":664,\"TotalCount\":8,\"UniqueItems\":[]},{\"ItemId\":682,\"TotalCount\":1,\"UniqueItems\":[]},{\"ItemId\":674,\"TotalCount\":1,\"UniqueItems\":[]},{\"ItemId\":412,\"TotalCount\":1,\"UniqueItems\":[]},{\"ItemId\":548,\"TotalCount\":1,\"UniqueItems\":[]},{\"ItemId\":637,\"TotalCount\":1,\"UniqueItems\":[]},{\"ItemId\":482,\"TotalCount\":1,\"UniqueItems\":[{\"Modules\":[{\"Version\":\"0.0.0\",\"ModuleId\":1},{\"CurrentState\":3,\"Version\":\"0.0.0\",\"ModuleId\":3}]}]},{\"ItemId\":542,\"TotalCount\":1,\"UniqueItems\":[]},{\"ItemId\":381,\"TotalCount\":3,\"UniqueItems\":[]},{\"ItemId\":495,\"TotalCount\":2,\"UniqueItems\":[]},{\"ItemId\":369,\"TotalCount\":12,\"UniqueItems\":[]},{\"ItemId\":353,\"TotalCount\":1,\"UniqueItems\":[{\"Modules\":[{\"AmmoType\":369,\"CurrentAmmo\":1,\"WeaponModIds\":[],\"Version\":\"0.0.0\",\"ModuleId\":4}]}]},{\"ItemId\":662,\"TotalCount\":1,\"UniqueItems\":[]},{\"ItemId\":503,\"TotalCount\":1,\"UniqueItems\":[{\"Modules\":[{\"ChannelWeights\":{\"x\":5.392439E-39},\"Version\":\"0.0.0\"}]}]},{\"ItemId\":666,\"TotalCount\":1,\"UniqueItems\":[]},{\"ItemId\":613,\"TotalCount\":1,\"UniqueItems\":[]},{\"ItemId\":468,\"TotalCount\":1,\"UniqueItems\":[{\"Modules\":[{\"Version\":\"0.0.0\",\"ModuleId\":8}]}]},{\"ItemId\":545,\"TotalCount\":1,\"UniqueItems\":[]},{\"ItemId\":417,\"TotalCount\":3,\"UniqueItems\":[]},{\"ItemId\":540,\"TotalCount\":1,\"UniqueItems\":[]},{\"ItemId\":522,\"TotalCount\":1,\"UniqueItems\":[{\"Modules\":[{\"AmmoType\":523,\"CurrentAmmo\":1,\"WeaponModIds\":[],\"Version\":\"0.0.0\",\"ModuleId\":4}]}]},{\"ItemId\":451,\"TotalCount\":1,\"UniqueItems\":[]},{\"ItemId\":459,\"TotalCount\":1,\"UniqueItems\":[{\"Modules\":[{\"AmmoType\":476,\"CurrentAmmo\":1,\"WeaponModIds\":[],\"Version\":\"0.0.0\",\"ModuleId\":4}]}]},{\"ItemId\":485,\"TotalCount\":1,\"UniqueItems\":[{\"Modules\":[{\"ChannelWeights\":{\"x\":2.802597E-45},\"Version\":\"0.0.0\"}]}]},{\"ItemId\":479,\"TotalCount\":70,\"UniqueItems\":[]},{\"ItemId\":517,\"TotalCount\":1,\"UniqueItems\":[{\"Modules\":[{\"RecipeId\":103625373,\"CurrentVolume\":1000,\"Version\":\"0.0.0\",\"ModuleId\":7}]}]},{\"ItemId\":538,\"TotalCount\":1,\"UniqueItems\":[]},{\"ItemId\":566,\"TotalCount\":1,\"UniqueItems\":[]},{\"ItemId\":423,\"TotalCount\":1,\"UniqueItems\":[]},{\"ItemId\":426,\"TotalCount\":1,\"UniqueItems\":[{\"Modules\":[{\"RecipeId\":-1,\"Version\":\"0.0.0\",\"ModuleId\":7}]}]},{\"ItemId\":677,\"TotalCount\":1,\"UniqueItems\":[]},{\"ItemId\":547,\"TotalCount\":1,\"UniqueItems\":[]},{\"ItemId\":568,\"TotalCount\":1,\"UniqueItems\":[]},{\"ItemId\":346,\"TotalCount\":1,\"UniqueItems\":[]},{\"ItemId\":627,\"TotalCount\":1,\"UniqueItems\":[]},{\"ItemId\":628,\"TotalCount\":1,\"UniqueItems\":[]},{\"ItemId\":355,\"TotalCount\":1,\"UniqueItems\":[{\"Modules\":[{\"Version\":\"0.0.0\"},{\"IsPlated\":true,\"Version\":\"0.0.0\",\"ModuleId\":8},{\"AmmoType\":362,\"CurrentAmmo\":12,\"WeaponModIds\":[63489846],\"Version\":\"0.0.0\",\"ModuleId\":4}]}]},{\"ItemId\":448,\"TotalCount\":3,\"UniqueItems\":[]},{\"ItemId\":729,\"TotalCount\":1,\"UniqueItems\":[]},{\"ItemId\":618,\"TotalCount\":1,\"UniqueItems\":[{\"Modules\":[{\"Version\":\"0.0.0\",\"ModuleId\":9}]}]},{\"ItemId\":365,\"TotalCount\":1,\"UniqueItems\":[{\"Modules\":[{\"AmmoType\":368,\"CurrentAmmo\":1,\"WeaponModIds\":[],\"Version\":\"0.0.0\",\"ModuleId\":4}]}]},{\"ItemId\":437,\"TotalCount\":4,\"UniqueItems\":[]},{\"ItemId\":441,\"TotalCount\":7,\"UniqueItems\":[]},{\"ItemId\":403,\"TotalCount\":5,\"UniqueItems\":[]},{\"ItemId\":521,\"TotalCount\":1,\"UniqueItems\":[]},{\"ItemId\":439,\"TotalCount\":10,\"UniqueItems\":[]},{\"ItemId\":425,\"TotalCount\":1,\"UniqueItems\":[]},{\"ItemId\":399,\"TotalCount\":4,\"UniqueItems\":[]},{\"ItemId\":375,\"TotalCount\":1,\"UniqueItems\":[]},{\"ItemId\":376,\"TotalCount\":1,\"UniqueItems\":[]},{\"ItemId\":575,\"TotalCount\":1,\"UniqueItems\":[]},{\"ItemId\":373,\"TotalCount\":4,\"UniqueItems\":[{\"Modules\":[{\"Version\":\"0.0.0\",\"ModuleId\":9}]},{\"Modules\":[{\"Version\":\"0.0.0\",\"ModuleId\":9}]},{\"Modules\":[{\"Version\":\"0.0.0\",\"ModuleId\":9}]},{\"Modules\":[{\"Version\":\"0.0.0\",\"ModuleId\":9}]}]},{\"ItemId\":461,\"TotalCount\":1,\"UniqueItems\":[]},{\"ItemId\":653,\"TotalCount\":1,\"UniqueItems\":[]},{\"ItemId\":555,\"TotalCount\":1,\"UniqueItems\":[]},{\"ItemId\":705,\"TotalCount\":1,\"UniqueItems\":[]},{\"ItemId\":340,\"TotalCount\":1,\"UniqueItems\":[{\"Modules\":[{\"Version\":\"0.0.0\"},{\"Version\":\"0.0.0\",\"ModuleId\":8}]}]},{\"ItemId\":693,\"TotalCount\":1,\"UniqueItems\":[]},{\"ItemId\":567,\"TotalCount\":1,\"UniqueItems\":[]},{\"ItemId\":543,\"TotalCount\":1,\"UniqueItems\":[]},{\"ItemId\":467,\"TotalCount\":1,\"UniqueItems\":[]},{\"ItemId\":546,\"TotalCount\":1,\"UniqueItems\":[]},{\"ItemId\":655,\"TotalCount\":1,\"UniqueItems\":[]},{\"ItemId\":611,\"TotalCount\":1,\"UniqueItems\":[]},{\"ItemId\":491,\"TotalCount\":1,\"UniqueItems\":[]},{\"ItemId\":489,\"TotalCount\":1,\"UniqueItems\":[]},{\"ItemId\":501,\"TotalCount\":1,\"UniqueItems\":[]},{\"ItemId\":648,\"TotalCount\":1,\"UniqueItems\":[]},{\"ItemId\":416,\"TotalCount\":6,\"UniqueItems\":[]},{\"ItemId\":706,\"TotalCount\":1,\"UniqueItems\":[]},{\"ItemId\":389,\"TotalCount\":5,\"UniqueItems\":[]},{\"ItemId\":663,\"TotalCount\":1,\"UniqueItems\":[{\"Modules\":[{\"Version\":\"0.0.0\",\"ModuleId\":8}]}]},{\"ItemId\":695,\"TotalCount\":1,\"UniqueItems\":[]},{\"ItemId\":697,\"TotalCount\":1,\"UniqueItems\":[]},{\"ItemId\":612,\"TotalCount\":1,\"UniqueItems\":[]},{\"ItemId\":633,\"TotalCount\":1,\"UniqueItems\":[]},{\"ItemId\":593,\"TotalCount\":10,\"UniqueItems\":[]},{\"ItemId\":392,\"TotalCount\":4,\"UniqueItems\":[]},{\"ItemId\":445,\"TotalCount\":1,\"UniqueItems\":[]},{\"ItemId\":595,\"TotalCount\":1,\"UniqueItems\":[]},{\"ItemId\":472,\"TotalCount\":5,\"UniqueItems\":[]},{\"ItemId\":433,\"TotalCount\":4,\"UniqueItems\":[{\"Modules\":[{\"CurrentState\":4,\"Version\":\"0.0.0\",\"ModuleId\":3}]},{\"Modules\":[{\"CurrentState\":4,\"Version\":\"0.0.0\",\"ModuleId\":3}]},{\"Modules\":[{\"CurrentState\":5,\"TimeRemainingInState\":165629.547,\"Version\":\"0.0.0\",\"ModuleId\":3}]},{\"Modules\":[{\"CurrentState\":5,\"TimeRemainingInState\":166250.328,\"Version\":\"0.0.0\",\"ModuleId\":3}]}]},{\"ItemId\":661,\"TotalCount\":2,\"UniqueItems\":[]},{\"ItemId\":493,\"TotalCount\":1,\"UniqueItems\":[]},{\"ItemId\":594,\"TotalCount\":3,\"UniqueItems\":[]},{\"ItemId\":465,\"TotalCount\":2,\"UniqueItems\":[]},{\"ItemId\":360,\"TotalCount\":1,\"UniqueItems\":[{\"Modules\":[{\"AmmoType\":373,\"CurrentAmmo\":1,\"WeaponModIds\":[],\"Version\":\"0.0.0\",\"ModuleId\":4}]}]},{\"ItemId\":390,\"TotalCount\":100,\"UniqueItems\":[]},{\"ItemId\":634,\"TotalCount\":1,\"UniqueItems\":[]},{\"ItemId\":605,\"TotalCount\":2,\"UniqueItems\":[]},{\"ItemId\":601,\"TotalCount\":1,\"UniqueItems\":[]},{\"ItemId\":358,\"TotalCount\":1,\"UniqueItems\":[{\"Modules\":[{\"IsPlated\":true,\"Version\":\"0.0.0\",\"ModuleId\":8},{\"AmmoType\":364,\"CurrentAmmo\":8,\"WeaponModIds\":[-1768658424,1931934742],\"Version\":\"0.0.0\",\"ModuleId\":4}]}]},{\"ItemId\":394,\"TotalCount\":1,\"UniqueItems\":[{\"Modules\":[{\"RecipeId\":-1,\"CurrentVolume\":7,\"Version\":\"0.0.0\",\"ModuleId\":7},{\"Version\":\"0.0.0\"}]}]},{\"ItemId\":527,\"TotalCount\":2,\"UniqueItems\":[]},{\"ItemId\":422,\"TotalCount\":1,\"UniqueItems\":[{\"Modules\":[{\"Version\":\"0.0.0\"}]}]},{\"ItemId\":492,\"TotalCount\":1,\"UniqueItems\":[]},{\"ItemId\":432,\"TotalCount\":1,\"UniqueItems\":[]},{\"ItemId\":717,\"TotalCount\":1,\"UniqueItems\":[]}]}}"}}