{"Version":"0.0.0","Data":{"PlayerState":"{\"Version\":\"1.0.0\",\"_entries\":[{\"Name\":\"GotTutorialTarp\",\"BoolValue\":true},{\"Name\":\"isNewItemInInventory_00000416\"},{\"Name\":\"isNewItemInInventory_00000440\"},{\"Name\":\"isNewItemInInventory_00000483\"},{\"Name\":\"isNewItemInInventory_00000486\"},{\"Name\":\"isNewItemInInventory_00000380\"},{\"Name\":\"isNewItemInInventory_00000364\"},{\"Name\":\"isNewItemInInventory_00000414\"},{\"Name\":\"isNewItemInInventory_00000527\"},{\"Name\":\"crafted.00000379\",\"SettingType\":1,\"IntValue\":1},{\"Name\":\"crafted.00000412\",\"SettingType\":1,\"IntValue\":1},{\"Name\":\"crafted.00000413\",\"SettingType\":1,\"IntValue\":1},{\"Name\":\"crafted.00000589\",\"SettingType\":1,\"IntValue\":1},{\"Name\":\"isNewCraftingRecipe_StartingEmergencyPackRecipe\"},{\"Name\":\"isNewItemInInventory_00000419\"},{\"Name\":\"seenFirstTimeEquip_00000379\",\"BoolValue\":true},{\"Name\":\"InventoryLightsActive\"},{\"Name\":\"hasOwned_00000402\",\"BoolValue\":true},{\"Name\":\"isNewItemInInventory_00000379\"},{\"Name\":\"isNewItemInInventory_00000589\"},{\"Name\":\"seenFirstTimeEquip_00000589\",\"BoolValue\":true},{\"Name\":\"isNewItemInInventory_00000410\"},{\"Name\":\"isNewItemInInventory_00000476\"},{\"Name\":\"ShowMissingTacticalsTutorial\"},{\"Name\":\"ShowMissingPufftonsTutorial\"},{\"Name\":\"seenFirstTimeEquip_00000412\",\"BoolValue\":true},{\"Name\":\"GpsZoomTutorialComplete\",\"BoolValue\":true},{\"Name\":\"GPSZoomLevel\",\"SettingType\":1,\"IntValue\":1},{\"Name\":\"consumed.00000445\",\"SettingType\":1,\"IntValue\":79},{\"Name\":\"isNewCraftingRecipeTutorial_CraftedSpearRecipe\"},{\"Name\":\"consumed.00000433\",\"SettingType\":1,\"IntValue\":108},{\"Name\":\"consumed.00000401\",\"SettingType\":1,\"IntValue\":2},{\"Name\":\"isNewItemInInventory_00000420\"},{\"Name\":\"isNewItemInInventory_00000413\"},{\"Name\":\"isNewItemInInventory_00000412\"},{\"Name\":\"isNewItemInInventory_00000504\"},{\"Name\":\"isNewItemInInventory_00000392\"},{\"Name\":\"isNewItemInInventory_00000393\"},{\"Name\":\"crafted.00000474\",\"SettingType\":1,\"IntValue\":1},{\"Name\":\"isNewCraftingRecipe_CraftedSpearRecipe\"},{\"Name\":\"isNewItemInInventory_00000474\"},{\"Name\":\"HasSeenBuildStorageTutorial\",\"BoolValue\":true},{\"Name\":\"seenFirstTimeEquip_00000413\",\"BoolValue\":true},{\"Name\":\"seenFirstTimeEquip_00000486\",\"BoolValue\":true},{\"Name\":\"isNewCraftingRecipeTutorial_CraftedBowRecipe\"},{\"Name\":\"isNewCraftingRecipeTutorial_CraftedClubRecipe\"},{\"Name\":\"isNewCraftingRecipeTutorial_RepairToolRecipe\"},{\"Name\":\"Strength\",\"SettingType\":2,\"FloatValue\":28.275877},{\"Name\":\"StrengthLevel\",\"SettingType\":1,\"IntValue\":30},{\"Name\":\"CurrentStrength\",\"SettingType\":2,\"FloatValue\":2999.163},{\"Name\":\"RequiredCurrentStrengthPerLevel\",\"SettingType\":2,\"FloatValue\":10606.791},{\"Name\":\"MaxHealth\",\"SettingType\":2,\"FloatValue\":158.0},{\"Name\":\"CurrentHealth\",\"SettingType\":2,\"FloatValue\":158.0},{\"Name\":\"TargetHealth\",\"SettingType\":2,\"FloatValue\":158.0},{\"Name\":\"Sickness\",\"SettingType\":2},{\"Name\":\"Hydration\",\"SettingType\":2,\"FloatValue\":95.84238},{\"Name\":\"Fullness\",\"SettingType\":2,\"FloatValue\":95.84238},{\"Name\":\"Rest\",\"SettingType\":2,\"FloatValue\":91.38913},{\"Name\":\"Stamina\",\"SettingType\":2,\"FloatValue\":94.95411},{\"Name\":\"HydrationBuff\",\"SettingType\":2,\"FloatValue\":-0.183789849},{\"Name\":\"FullnessBuff\",\"SettingType\":2,\"FloatValue\":-59.60968},{\"Name\":\"RestBuff\",\"SettingType\":2,\"FloatValue\":-5.066395E-06},{\"Name\":\"CookingBuffTimeRemaining\",\"SettingType\":2,\"FloatValue\":8582.597},{\"Name\":\"CookingBuffRecipe\",\"SettingType\":1,\"IntValue\":103625373},{\"Name\":\"player.position\",\"SettingType\":4,\"FloatArrayValue\":[-734.4096,282.1363,-753.1854]},{\"Name\":\"player.rotation\",\"SettingType\":4,\"FloatArrayValue\":[0.176676422,0.8178428,-0.331423968,0.4359779]},{\"Name\":\"player.localToRaftUniqueId\",\"SettingType\":3,\"StringValue\":\"00000000-0000-0000-0000-000000000000\"},{\"Name\":\"player.localToRaftPosition\",\"SettingType\":4,\"FloatArrayValue\":[0.0,0.0,0.0]},{\"Name\":\"player.localToRaftRotation\",\"SettingType\":4,\"FloatArrayValue\":[0.0,0.0,0.0,0.0]},{\"Name\":\"player.areaMask\",\"SettingType\":1},{\"Name\":\"consumed.00000425\",\"SettingType\":1,\"IntValue\":7},{\"Name\":\"isNewItemInInventory_00000434\"},{\"Name\":\"isNewItemInInventory_00000439\"},{\"Name\":\"isNewItemInInventory_00000403\"},{\"Name\":\"crafted.00000443\",\"SettingType\":1,\"IntValue\":1},{\"Name\":\"isNewCraftingRecipe_CraftedBowRecipe\"},{\"Name\":\"isNewItemInInventory_00000362\"},{\"Name\":\"isNewItemInInventory_00000599\"},{\"Name\":\"isNewItemInInventory_00000445\"},{\"Name\":\"isNewItemInInventory_00000447\"},{\"Name\":\"consumed.00000447\",\"SettingType\":1,\"IntValue\":16},{\"Name\":\"isNewCraftingRecipeTutorial_LeafArmourRecipe\"},{\"Name\":\"isNewCraftingRecipeTutorial_MolotovRecipe\"},{\"Name\":\"isNewCraftingRecipeTutorial_TorchRecipe\"},{\"Name\":\"MissingTacticalFound_Hanging\",\"BoolValue\":true},{\"Name\":\"MissingTacticalsFound\",\"SettingType\":1,\"IntValue\":3},{\"Name\":\"isNewCraftingRecipeTutorial_FlashlightRechargeRecipe\"},{\"Name\":\"isNewItemInInventory_00000437\"},{\"Name\":\"consumed.00000437\",\"SettingType\":1,\"IntValue\":29},{\"Name\":\"isNewItemInInventory_00000368\"},{\"Name\":\"isNewItemInInventory_00000508\"},{\"Name\":\"isNewItemInInventory_00000443\"},{\"Name\":\"isNewItemInInventory_00000418\"},{\"Name\":\"isNewItemInInventory_00000415\"},{\"Name\":\"isNewItemInInventory_00000471\"},{\"Name\":\"isNewItemInInventory_00000405\"},{\"Name\":\"isNewItemInInventory_00000465\"},{\"Name\":\"DoneRemoveStructureElementTutorial\",\"BoolValue\":true},{\"Name\":\"isNewItemInInventory_00000400\"},{\"Name\":\"isNewItemInInventory_00000604\"},{\"Name\":\"isNewItemInInventory_00000484\"},{\"Name\":\"crafted.00000437\",\"SettingType\":1,\"IntValue\":15},{\"Name\":\"crafted.00000419\",\"SettingType\":1,\"IntValue\":31},{\"Name\":\"crafted.00000448\",\"SettingType\":1,\"IntValue\":1},{\"Name\":\"crafted.00000362\",\"SettingType\":1,\"IntValue\":3},{\"Name\":\"isNewCraftingRecipe_LootPouchRecipe\"},{\"Name\":\"isNewCraftingRecipeTutorial_BoneArmourRecipe\"},{\"Name\":\"crafted.00000410\",\"SettingType\":1,\"IntValue\":4},{\"Name\":\"crafted.00000418\",\"SettingType\":1,\"IntValue\":19},{\"Name\":\"crafted.00000439\",\"SettingType\":1,\"IntValue\":4},{\"Name\":\"crafted.00000502\",\"SettingType\":1,\"IntValue\":8},{\"Name\":\"crafted.00000466\",\"SettingType\":1,\"IntValue\":8},{\"Name\":\"isNewItemInInventory_00000397\"},{\"Name\":\"isNewItemInInventory_00000451\"},{\"Name\":\"isNewItemInInventory_00000446\"},{\"Name\":\"isNewItemInInventory_00000448\"},{\"Name\":\"isNewItemInInventory_00000466\"},{\"Name\":\"consumed.00000466\",\"SettingType\":1,\"IntValue\":8},{\"Name\":\"crafted.00000494\",\"SettingType\":1,\"IntValue\":31},{\"Name\":\"isNewCraftingRecipe_BoneArmourRecipe\"},{\"Name\":\"isNewItemInInventory_00000402\"},{\"Name\":\"isNewItemInInventory_00000430\"},{\"Name\":\"isNewItemInInventory_00000506\"},{\"Name\":\"isNewItemInInventory_00000529\"},{\"Name\":\"isNewItemInInventory_00000650\"},{\"Name\":\"isNewItemInInventory_00000494\"},{\"Name\":\"isNewItemInInventory_00000635\"},{\"Name\":\"TutorialBookPageIndex\",\"SettingType\":1,\"IntValue\":3},{\"Name\":\"SCREWBookLastUsed\"},{\"Name\":\"BlueprintBookPageIndex\",\"SettingType\":1,\"IntValue\":29},{\"Name\":\"HasDismountedFromGolfCartBefore\",\"BoolValue\":true},{\"Name\":\"isNewItemInInventory_00000441\"},{\"Name\":\"consumed.00000441\",\"SettingType\":1,\"IntValue\":16},{\"Name\":\"GolfCartRadioActive\",\"BoolValue\":true},{\"Name\":\"isNewItemInInventory_00000433\"},{\"Name\":\"isNewItemInInventory_00000518\"},{\"Name\":\"crafted.00000477\",\"SettingType\":1,\"IntValue\":1},{\"Name\":\"isNewCraftingRecipe_CraftedClubRecipe\"},{\"Name\":\"consumed.00000480\",\"SettingType\":1,\"IntValue\":1},{\"Name\":\"isNewItemInInventory_00000603\"},{\"Name\":\"isNewItemInInventory_00000472\"},{\"Name\":\"isNewItemInInventory_00000477\"},{\"Name\":\"isNewItemInInventory_00000502\"},{\"Name\":\"isNewItemInInventory_00000661\"},{\"Name\":\"HasDismountedFromKnightVBefore\",\"BoolValue\":true},{\"Name\":\"isNewItemInInventory_00000606\"},{\"Name\":\"isNewItemInInventory_00000449\"},{\"Name\":\"consumed.00000449\",\"SettingType\":1,\"IntValue\":5},{\"Name\":\"consumed.00000465\",\"SettingType\":1,\"IntValue\":4},{\"Name\":\"isNewItemInInventory_00000450\"},{\"Name\":\"consumed.00000448\",\"SettingType\":1,\"IntValue\":5},{\"Name\":\"isNewItemInInventory_00000724\"},{\"Name\":\"isNewItemInInventory_00000725\"},{\"Name\":\"consumed.00000446\",\"SettingType\":1,\"IntValue\":6},{\"Name\":\"isNewCraftingRecipeTutorial_DeerHideArmourRecipe\"},{\"Name\":\"isNewItemInInventory_00000496\"},{\"Name\":\"isNewItemInInventory_00000523\"},{\"Name\":\"consumed.00000451\",\"SettingType\":1,\"IntValue\":3},{\"Name\":\"isNewItemInInventory_00000590\"},{\"Name\":\"isNewCraftingRecipeTutorial_CraftedArrowsRecipe\"},{\"Name\":\"isNewItemInInventory_00000479\"},{\"Name\":\"crafted.00000507\",\"SettingType\":1,\"IntValue\":24},{\"Name\":\"isNewCraftingRecipe_CraftedArrowsRecipe\"},{\"Name\":\"isNewCraftingRecipeTutorial_CraftedArrowExplosiveUpgradeRecipe\"},{\"Name\":\"isNewCraftingRecipeTutorial_CraftedArrowFireUpgradeRecipe\"},{\"Name\":\"isNewCraftingRecipeTutorial_CraftedArrowShockUpgradeRecipe\"},{\"Name\":\"isNewItemInInventory_00000517\"},{\"Name\":\"consumed.00000517\",\"SettingType\":1,\"IntValue\":107},{\"Name\":\"isNewItemInInventory_00000381\"},{\"Name\":\"isNewItemInInventory_00000399\"},{\"Name\":\"isNewItemInInventory_00000647\"},{\"Name\":\"isNewItemInInventory_00000651\"},{\"Name\":\"isNewItemInInventory_00000398\"},{\"Name\":\"isNewItemInInventory_00000436\"},{\"Name\":\"consumed.00000436\",\"SettingType\":1,\"IntValue\":45},{\"Name\":\"crafted.00000441\",\"SettingType\":1,\"IntValue\":7},{\"Name\":\"crafted.00000415\",\"SettingType\":1,\"IntValue\":9},{\"Name\":\"crafted.00000496\",\"SettingType\":1,\"IntValue\":8},{\"Name\":\"isNewCraftingRecipeTutorial_TimeBombRecipe\"},{\"Name\":\"hasOwned_00000491\",\"BoolValue\":true},{\"Name\":\"hasOwned_00000696\",\"BoolValue\":true},{\"Name\":\"isNewItemInInventory_00000387\"},{\"Name\":\"crafted.00000479\",\"SettingType\":1,\"IntValue\":9},{\"Name\":\"crafted.00000446\",\"SettingType\":1,\"IntValue\":2},{\"Name\":\"isNewItemInInventory_00000595\"},{\"Name\":\"isNewItemInInventory_00000598\"},{\"Name\":\"isNewItemInInventory_00000652\"},{\"Name\":\"isNewItemInInventory_00000481\"},{\"Name\":\"isNewItemInInventory_00000480\"},{\"Name\":\"isNewItemInInventory_00000491\"},{\"Name\":\"isNewItemInInventory_00000495\"},{\"Name\":\"isNewItemInInventory_00000593\"},{\"Name\":\"crafted.00000388\",\"SettingType\":1,\"IntValue\":3},{\"Name\":\"isNewCraftingRecipe_MolotovRecipe\"},{\"Name\":\"isNewItemInInventory_00000594\"},{\"Name\":\"isNewItemInInventory_00000388\"},{\"Name\":\"isNewItemInInventory_00000690\"},{\"Name\":\"isNewItemInInventory_00000507\"},{\"Name\":\"isNewCraftingRecipe_CraftedArrowFireUpgradeRecipe\"},{\"Name\":\"consumed.00000439\",\"SettingType\":1,\"IntValue\":21},{\"Name\":\"consumed.00000594\",\"SettingType\":1,\"IntValue\":3},{\"Name\":\"consumed.00000595\",\"SettingType\":1,\"IntValue\":29},{\"Name\":\"isNewItemInInventory_00000438\"},{\"Name\":\"hasOwned_00000682\",\"BoolValue\":true},{\"Name\":\"DiscoverablePageUnlocked_682\",\"BoolValue\":true},{\"Name\":\"hasOwned_00000674\",\"BoolValue\":true},{\"Name\":\"isNewItemInInventory_00000664\"},{\"Name\":\"hasOwned_00000548\",\"BoolValue\":true},{\"Name\":\"ActionCameraVideoCollected_Sahara Confidential\",\"BoolValue\":true},{\"Name\":\"CurrentActionVideoIndex\",\"SettingType\":1,\"IntValue\":2},{\"Name\":\"seenFirstTimeEquip_00000637\",\"BoolValue\":true},{\"Name\":\"hasViewedFoundRecording_Sahara Confidential\",\"BoolValue\":true},{\"Name\":\"hasOwned_00000542\",\"BoolValue\":true},{\"Name\":\"consumed.00000438\",\"SettingType\":1,\"IntValue\":13},{\"Name\":\"isNewItemInInventory_00000421\"},{\"Name\":\"consumed.00000421\",\"SettingType\":1,\"IntValue\":5},{\"Name\":\"isNewItemInInventory_00000637\"},{\"Name\":\"PointOfInterestFound_Bunker Entertainment\",\"BoolValue\":true},{\"Name\":\"hasOwned_00000444\",\"BoolValue\":true},{\"Name\":\"seenFirstTimeEquip_00000444\",\"BoolValue\":true},{\"Name\":\"isNewItemInInventory_00000482\"},{\"Name\":\"seenFirstTimeEquip_00000353\",\"BoolValue\":true},{\"Name\":\"seenFirstTimeEquip_00000662\",\"BoolValue\":true},{\"Name\":\"crafted.00000503\",\"SettingType\":1,\"IntValue\":1},{\"Name\":\"isNewCraftingRecipe_TorchRecipe\"},{\"Name\":\"hasOwned_00000666\",\"BoolValue\":true},{\"Name\":\"DiscoverablePageUnlocked_666\",\"BoolValue\":true},{\"Name\":\"TorchWasLit\",\"BoolValue\":true},{\"Name\":\"hasOwned_00000613\",\"BoolValue\":true},{\"Name\":\"DoneBuildFireTutorial\",\"BoolValue\":true},{\"Name\":\"isNewItemInInventory_00000662\"},{\"Name\":\"isNewItemInInventory_00000503\"},{\"Name\":\"isNewItemInInventory_00000469\"},{\"Name\":\"isNewItemInInventory_00000444\"},{\"Name\":\"isNewItemInInventory_00000353\"},{\"Name\":\"isNewItemInInventory_00000376\"},{\"Name\":\"isNewItemInInventory_00000634\"},{\"Name\":\"isNewItemInInventory_00000425\"},{\"Name\":\"isNewItemInInventory_00000363\"},{\"Name\":\"isNewItemInInventory_00000369\"},{\"Name\":\"seenFirstTimeEquip_00000468\",\"BoolValue\":true},{\"Name\":\"hasOwned_00000545\",\"BoolValue\":true},{\"Name\":\"hasOwned_00000540\",\"BoolValue\":true},{\"Name\":\"isNewItemInInventory_00000468\"},{\"Name\":\"seenFirstTimeEquip_00000522\",\"BoolValue\":true},{\"Name\":\"isNewItemInInventory_00000417\"},{\"Name\":\"crafted.00000471\",\"SettingType\":1,\"IntValue\":1},{\"Name\":\"isNewCraftingRecipe_FlashlightRechargeRecipe\"},{\"Name\":\"isNewItemInInventory_00000522\"},{\"Name\":\"PointOfInterestFound_Bunker A\",\"BoolValue\":true},{\"Name\":\"isNewItemInInventory_00000459\"},{\"Name\":\"isNewItemInInventory_00000485\"},{\"Name\":\"isNewItemInInventory_00000378\"},{\"Name\":\"PointOfInterestFound_Bunker Food\",\"BoolValue\":true},{\"Name\":\"hasOwned_00000538\",\"BoolValue\":true},{\"Name\":\"hasOwned_00000566\",\"BoolValue\":true},{\"Name\":\"seenFirstTimeEquip_00000566\",\"BoolValue\":true},{\"Name\":\"crafted.00000618\",\"SettingType\":1,\"IntValue\":5},{\"Name\":\"seenFirstTimeEquip_00000423\",\"BoolValue\":true},{\"Name\":\"hasOwned_00000492\",\"BoolValue\":true},{\"Name\":\"crafted.00000426\",\"SettingType\":1,\"IntValue\":4},{\"Name\":\"isNewItemInInventory_00000426\"},{\"Name\":\"isNewItemInInventory_00000431\"},{\"Name\":\"crafted.00000657\",\"SettingType\":1,\"IntValue\":2},{\"Name\":\"isNewCraftingRecipeTutorial_GpsLocatorRecipe\"},{\"Name\":\"isNewItemInInventory_00000657\"},{\"Name\":\"crafted.00000529\",\"SettingType\":1,\"IntValue\":1},{\"Name\":\"isNewCraftingRecipe_GpsLocatorRecipe\"},{\"Name\":\"seenFirstTimeEquip_00000365\",\"BoolValue\":true},{\"Name\":\"hasOwned_00000677\",\"BoolValue\":true},{\"Name\":\"PointOfInterestFound_Bunker Residential\",\"BoolValue\":true},{\"Name\":\"hasOwned_00000547\",\"BoolValue\":true},{\"Name\":\"hasOwned_00000568\",\"BoolValue\":true},{\"Name\":\"seenFirstTimeEquip_00000568\",\"BoolValue\":true},{\"Name\":\"ShowFoundPufftonsTutorial\"},{\"Name\":\"isNewItemInInventory_00000570\"},{\"Name\":\"isNewItemInInventory_00000571\"},{\"Name\":\"isNewItemInInventory_00000569\"},{\"Name\":\"isNewItemInInventory_00000462\"},{\"Name\":\"HasBeenTiredBefore\",\"BoolValue\":true},{\"Name\":\"consumed.00000570\",\"SettingType\":1,\"IntValue\":4},{\"Name\":\"consumed.00000571\",\"SettingType\":1,\"IntValue\":5},{\"Name\":\"consumed.00000569\",\"SettingType\":1,\"IntValue\":2},{\"Name\":\"isNewItemInInventory_00000365\"},{\"Name\":\"isNewItemInInventory_00000375\"},{\"Name\":\"MissingTacticalFound_Raft\",\"BoolValue\":true},{\"Name\":\"isNewItemInInventory_00000355\"},{\"Name\":\"seenFirstTimeEquip_00000355\",\"BoolValue\":true},{\"Name\":\"crafted.00000355\",\"SettingType\":1,\"IntValue\":5},{\"Name\":\"isNewCraftingRecipe_CompactPistolRailModRecipe\"},{\"Name\":\"isNewCraftingRecipe_CompactPistolFlashlightModRecipe\"},{\"Name\":\"isNewCraftingRecipe_CompactPistolLaserSightModRecipe\"},{\"Name\":\"isNewCraftingRecipeTutorial_CraftedArrowPoisonUpgradeRecipe\"},{\"Name\":\"isNewItemInInventory_00000729\"},{\"Name\":\"consumed.00000462\",\"SettingType\":1,\"IntValue\":2},{\"Name\":\"isNewItemInInventory_00000626\"},{\"Name\":\"isNewItemInInventory_00000346\"},{\"Name\":\"isNewItemInInventory_00000568\"},{\"Name\":\"isNewItemInInventory_00000566\"},{\"Name\":\"isNewItemInInventory_00000423\"},{\"Name\":\"consumed.00000426\",\"SettingType\":1,\"IntValue\":2},{\"Name\":\"isNewItemInInventory_00000618\"},{\"Name\":\"hasOwned_00000521\",\"BoolValue\":true},{\"Name\":\"MissingTacticalFound_Buried\",\"BoolValue\":true},{\"Name\":\"seenFirstTimeEquip_00000358\",\"BoolValue\":true},{\"Name\":\"isNewItemInInventory_00000358\"},{\"Name\":\"crafted.00000376\",\"SettingType\":1,\"IntValue\":1},{\"Name\":\"crafted.00000374\",\"SettingType\":1,\"IntValue\":1},{\"Name\":\"crafted.00000378\",\"SettingType\":1,\"IntValue\":1},{\"Name\":\"crafted.00000375\",\"SettingType\":1,\"IntValue\":1},{\"Name\":\"isNewCraftingRecipe_CompactPistolDismantleModsRecipe\"},{\"Name\":\"crafted.00000358\",\"SettingType\":1,\"IntValue\":2},{\"Name\":\"isNewCraftingRecipe_ShotgunRailRecipe\"},{\"Name\":\"isNewCraftingRecipe_ShotgunFlashlightModRecipe\"},{\"Name\":\"seenFirstTimeEquip_00000575\",\"BoolValue\":true},{\"Name\":\"isNewCraftingRecipeTutorial_TacticalArrowFireUpgradeRecipe\"},{\"Name\":\"isNewCraftingRecipeTutorial_TacticalArrowPoisonUpgradeRecipe\"},{\"Name\":\"hasOwned_00000653\",\"BoolValue\":true},{\"Name\":\"hasOwned_00000555\",\"BoolValue\":true},{\"Name\":\"seenFirstTimeEquip_00000705\",\"BoolValue\":true},{\"Name\":\"seenFirstTimeEquip_00000340\",\"BoolValue\":true},{\"Name\":\"hasOwned_00000693\",\"BoolValue\":true},{\"Name\":\"hasOwned_00000567\",\"BoolValue\":true},{\"Name\":\"seenFirstTimeEquip_00000567\",\"BoolValue\":true},{\"Name\":\"PointOfInterestFound_Bunker B\",\"BoolValue\":true},{\"Name\":\"hasOwned_00000543\",\"BoolValue\":true},{\"Name\":\"hasOwned_00000546\",\"BoolValue\":true},{\"Name\":\"hasOwned_00000655\",\"BoolValue\":true},{\"Name\":\"hasOwned_00000611\",\"BoolValue\":true},{\"Name\":\"isNewCraftingRecipeTutorial_ChainsawRechargeRecipe\"},{\"Name\":\"seenFirstTimeEquip_00000394\",\"BoolValue\":true},{\"Name\":\"crafted.00000428\",\"SettingType\":1,\"IntValue\":1},{\"Name\":\"isNewItemInInventory_00000340\"},{\"Name\":\"isNewItemInInventory_00000394\"},{\"Name\":\"isNewItemInInventory_00000467\"},{\"Name\":\"isNewItemInInventory_00000705\"},{\"Name\":\"isNewItemInInventory_00000461\"},{\"Name\":\"isNewItemInInventory_00000575\"},{\"Name\":\"isNewItemInInventory_00000567\"},{\"Name\":\"crafted.00000476\",\"SettingType\":1,\"IntValue\":2},{\"Name\":\"isNewItemInInventory_00000373\"},{\"Name\":\"isNewItemInInventory_00000492\"},{\"Name\":\"crafted.00000519\",\"SettingType\":1,\"IntValue\":2},{\"Name\":\"isNewCraftingRecipe_DeerHideArmourRecipe\"},{\"Name\":\"isNewItemInInventory_00000519\"},{\"Name\":\"hasOwned_00000489\",\"BoolValue\":true},{\"Name\":\"hasOwned_00000501\",\"BoolValue\":true},{\"Name\":\"isNewCraftingRecipeTutorial_TacticalArrowExplosiveUpgradeRecipe\"},{\"Name\":\"isNewCraftingRecipeTutorial_TacticalArrowShockUpgradeRecipe\"},{\"Name\":\"isNewItemInInventory_00000648\"},{\"Name\":\"hasOwned_00000706\",\"BoolValue\":true},{\"Name\":\"crafted.00000363\",\"SettingType\":1,\"IntValue\":2},{\"Name\":\"crafted.00000447\",\"SettingType\":1,\"IntValue\":1},{\"Name\":\"seenFirstTimeEquip_00000663\",\"BoolValue\":true},{\"Name\":\"isNewItemInInventory_00000663\"},{\"Name\":\"ActionCameraVideoCollected_CultistsArrival\",\"BoolValue\":true},{\"Name\":\"hasViewedFoundRecording_CultistsArrival\",\"BoolValue\":true},{\"Name\":\"hasOwned_00000695\",\"BoolValue\":true},{\"Name\":\"hasOwned_00000697\",\"BoolValue\":true},{\"Name\":\"hasOwned_00000612\",\"BoolValue\":true},{\"Name\":\"seenFirstTimeEquip_00000633\",\"BoolValue\":true},{\"Name\":\"hasOwned_00000487\",\"BoolValue\":true},{\"Name\":\"isNewItemInInventory_00000487\"},{\"Name\":\"crafted.00000433\",\"SettingType\":1,\"IntValue\":1},{\"Name\":\"crafted.00000394\",\"SettingType\":1,\"IntValue\":1},{\"Name\":\"isNewCraftingRecipe_ChainsawRechargeRecipe\"},{\"Name\":\"hasOwned_00000493\",\"BoolValue\":true},{\"Name\":\"PointOfInterestFound_Bunker C\",\"BoolValue\":true},{\"Name\":\"seenFirstTimeEquip_00000360\",\"BoolValue\":true},{\"Name\":\"crafted.00000391\",\"SettingType\":1,\"IntValue\":1},{\"Name\":\"isNewItemInInventory_00000360\"},{\"Name\":\"isNewItemInInventory_00000633\"},{\"Name\":\"crafted.00000422\",\"SettingType\":1,\"IntValue\":1},{\"Name\":\"isNewCraftingRecipe_RepairToolRecipe\"},{\"Name\":\"isPlated_00000358\",\"BoolValue\":true},{\"Name\":\"seenFirstTimeEquip_00000358_Solafite\",\"BoolValue\":true},{\"Name\":\"isNewItemInInventory_00000601\"},{\"Name\":\"isNewItemInInventory_00000605\"},{\"Name\":\"isPlated_00000355\",\"BoolValue\":true},{\"Name\":\"seenFirstTimeEquip_00000355_Solafite\",\"BoolValue\":true},{\"Name\":\"isNewItemInInventory_00000422\"},{\"Name\":\"isNewCraftingRecipeTutorial_CatFoodRecipe\"},{\"Name\":\"isNewItemInInventory_00000432\"},{\"Name\":\"crafted.00000464\",\"SettingType\":1,\"IntValue\":2},{\"Name\":\"isNewCraftingRecipe_CatFoodRecipe\"},{\"Name\":\"consumed.00000464\",\"SettingType\":1,\"IntValue\":2},{\"Name\":\"isNewItemInInventory_00000374\"},{\"Name\":\"isNewCraftingRecipe_CompactPistolSilencerModRecipe\"},{\"Name\":\"hasOwned_00000717\",\"BoolValue\":true},{\"Name\":\"StoryPageIndex\",\"SettingType\":1,\"IntValue\":7},{\"Name\":\"isNewItemInInventory_00000464\"}],\"NamedInts\":[{\"SaveObjectNameId\":\"BunkerLuxury.Cutscene.MutantBossIntro\"},{\"SaveObjectNameId\":\"BunkerResidential.Cutscene.GetDownSon\"}]}"}}