{"Version":"0.0.0","Data":{"PlayerArmourSystem":"{\"Version\":\"0.0.0\",\"ArmourPieces\":[{\"ItemId\":593,\"RemainingArmourpoints\":55.0},{\"ItemId\":593,\"Slot\":1,\"RemainingArmourpoints\":11.0},{\"ItemId\":593,\"Slot\":4,\"RemainingArmourpoints\":80.0},{\"ItemId\":593,\"Slot\":5,\"RemainingArmourpoints\":80.0},{\"ItemId\":593,\"Slot\":6,\"RemainingArmourpoints\":80.0},{\"ItemId\":593,\"Slot\":7,\"RemainingArmourpoints\":80.0},{\"ItemId\":593,\"Slot\":8,\"RemainingArmourpoints\":59.0},{\"ItemId\":593,\"Slot\":9,\"RemainingArmourpoints\":80.0},{\"ItemId\":593,\"Slot\":10,\"RemainingArmourpoints\":80.0},{\"ItemId\":593,\"Slot\":11,\"RemainingArmourpoints\":80.0}]}"}}