{"Version":"0.0.0","Data":{"ScrewStructureInstances":"{\"_structures\":[{\"Id\":40,\"Pos\":{\"x\":-662.6673,\"y\":286.6557,\"z\":-771.33905},\"Rot\":{\"x\":0.00683889166,\"y\":-0.9947686,\"z\":0.05928277,\"w\":0.0829108655},\"Storages\":[],\"Modules\":[]},{\"Id\":40,\"Pos\":{\"x\":-665.3858,\"y\":286.845276,\"z\":-770.849243},\"Rot\":{\"x\":0.0328582749,\"y\":0.9892475,\"z\":-0.07810421,\"w\":-0.11920353},\"Storages\":[],\"Modules\":[],\"SaveId\":1},{\"Id\":40,\"Pos\":{\"x\":-670.520752,\"y\":287.314575,\"z\":-769.6737},\"Rot\":{\"y\":0.139030427,\"w\":0.990288138},\"Storages\":[],\"Modules\":[],\"SaveId\":2},{\"Id\":56,\"Pos\":{\"x\":-666.96106,\"y\":287.17627,\"z\":-769.533142},\"Rot\":{\"x\":0.008645214,\"y\":-0.107782193,\"z\":0.0503794439,\"w\":-0.992859662},\"Storages\":[],\"Modules\":[],\"SaveId\":3},{\"Id\":66,\"Pos\":{\"x\":-659.3234,\"y\":288.509155,\"z\":-766.6247},\"Rot\":{\"y\":-0.490828574,\"w\":0.8712562},\"Storages\":[],\"Modules\":[],\"SaveId\":4},{\"Id\":59,\"Pos\":{\"x\":-670.783936,\"y\":286.9423,\"z\":-763.5037},\"Rot\":{\"x\":-0.08552133,\"y\":0.141863853,\"z\":-0.0229324736,\"w\":-0.985918343},\"Storages\":[{\"Version\":\"0.0.0\",\"ItemBlocks\":[]}],\"Modules\":[],\"SaveId\":5},{\"Id\":20,\"Pos\":{\"x\":-653.236755,\"y\":286.6871,\"z\":-768.226746},\"Rot\":{\"y\":0.5213032,\"w\":-0.8533716},\"Storages\":[],\"Modules\":[],\"SaveId\":6},{\"Id\":106,\"Pos\":{\"x\":-667.0868,\"y\":285.163879,\"z\":-751.0747},\"Rot\":{\"y\":0.5560924,\"w\":-0.8311205},\"Storages\":[{\"Version\":\"0.0.0\",\"ItemBlocks\":[]},{\"Version\":\"0.0.0\",\"ItemBlocks\":[{\"ItemId\":484,\"TotalCount\":12,\"UniqueItems\":[]}]}],\"Modules\":[],\"SaveId\":7},{\"Id\":42,\"Pos\":{\"x\":-673.1714,\"y\":284.074249,\"z\":-733.4156},\"Rot\":{\"x\":0.02143256,\"y\":0.415640026,\"z\":-0.00979762,\"w\":-0.9092239},\"Storages\":[],\"Modules\":[],\"SaveId\":8},{\"Id\":19,\"Pos\":{\"x\":-615.850159,\"y\":174.668839,\"z\":85.59181},\"Rot\":{\"x\":0.0460415073,\"y\":0.9964443,\"z\":0.0701831356,\"w\":-0.00731046638},\"Storages\":[{\"Version\":\"0.0.0\",\"ItemBlocks\":[]},{\"Version\":\"0.0.0\",\"ItemBlocks\":[]},{\"Version\":\"0.0.0\",\"ItemBlocks\":[]},{\"Version\":\"0.0.0\",\"ItemBlocks\":[]}],\"Modules\":[],\"SaveId\":9},{\"Id\":36,\"Pos\":{\"x\":-605.8029,\"y\":176.811066,\"z\":95.61503},\"Rot\":{\"x\":0.0623571277,\"y\":-0.740952969,\"z\":-0.0289798863,\"w\":-0.6680273},\"Storages\":[{\"Version\":\"0.0.0\",\"ItemBlocks\":[]},{\"Version\":\"0.0.0\",\"ItemBlocks\":[]},{\"Version\":\"0.0.0\",\"ItemBlocks\":[]},{\"Version\":\"0.0.0\",\"ItemBlocks\":[]},{\"Version\":\"0.0.0\",\"ItemBlocks\":[]},{\"Version\":\"0.0.0\",\"ItemBlocks\":[]},{\"Version\":\"0.0.0\",\"ItemBlocks\":[]},{\"Version\":\"0.0.0\",\"ItemBlocks\":[]},{\"Version\":\"0.0.0\",\"ItemBlocks\":[]},{\"Version\":\"0.0.0\",\"ItemBlocks\":[]}],\"Modules\":[],\"SaveId\":10},{\"Id\":61,\"Pos\":{\"x\":-660.2733,\"y\":288.352966,\"z\":-771.3949},\"Rot\":{\"y\":0.112731107,\"w\":0.9936256},\"Storages\":[{\"Version\":\"0.0.0\",\"ItemBlocks\":[{\"ItemId\":652,\"TotalCount\":1,\"UniqueItems\":[]}]}],\"Modules\":[],\"SaveId\":11},{\"Id\":53,\"Pos\":{\"x\":-654.354736,\"y\":289.0043,\"z\":-756.5269},\"Rot\":{\"y\":-0.52343297,\"w\":0.852066934},\"Storages\":[],\"Modules\":[],\"SaveId\":12},{\"Id\":53,\"Pos\":{\"x\":-656.389038,\"y\":289.0206,\"z\":-760.564758},\"Rot\":{\"y\":-0.523402,\"w\":0.8520859},\"Storages\":[],\"Modules\":[],\"SaveId\":13},{\"Id\":53,\"Pos\":{\"x\":-657.398865,\"y\":288.9324,\"z\":-762.5652},\"Rot\":{\"y\":-0.5234175,\"w\":0.8520764},\"Storages\":[],\"Modules\":[],\"SaveId\":14},{\"Id\":53,\"Pos\":{\"x\":-659.4358,\"y\":289.044067,\"z\":-766.5847},\"Rot\":{\"y\":-0.523417532,\"w\":0.852076352},\"Storages\":[],\"Modules\":[],\"SaveId\":15},{\"Id\":53,\"Pos\":{\"x\":-651.341858,\"y\":287.484222,\"z\":-765.6179},\"Rot\":{\"y\":-0.5185707,\"w\":0.855034769},\"Storages\":[],\"Modules\":[],\"SaveId\":16},{\"Id\":53,\"Pos\":{\"x\":-650.324951,\"y\":287.5258,\"z\":-763.6092},\"Rot\":{\"y\":-0.527617335,\"w\":0.8494822},\"Storages\":[],\"Modules\":[],\"SaveId\":17},{\"Id\":49,\"Pos\":{\"x\":-653.1418,\"y\":286.686951,\"z\":-757.6345},\"Rot\":{\"y\":-0.9726988,\"w\":0.2320713},\"Storages\":[{\"Version\":\"0.0.0\",\"ItemBlocks\":[]},{\"Version\":\"0.0.0\",\"ItemBlocks\":[]},{\"Version\":\"0.0.0\",\"ItemBlocks\":[]},{\"Version\":\"0.0.0\",\"ItemBlocks\":[]},{\"Version\":\"0.0.0\",\"ItemBlocks\":[]},{\"Version\":\"0.0.0\",\"ItemBlocks\":[]},{\"Version\":\"0.0.0\",\"ItemBlocks\":[{\"ItemId\":416,\"TotalCount\":3,\"UniqueItems\":[]}]},{\"Version\":\"0.0.0\",\"ItemBlocks\":[]},{\"Version\":\"0.0.0\",\"ItemBlocks\":[]},{\"Version\":\"0.0.0\",\"ItemBlocks\":[]},{\"Version\":\"0.0.0\",\"ItemBlocks\":[]},{\"Version\":\"0.0.0\",\"ItemBlocks\":[]}],\"Modules\":[],\"SaveId\":18},{\"Id\":49,\"Pos\":{\"x\":-649.3032,\"y\":286.686371,\"z\":-759.5894},\"Rot\":{\"y\":-0.244330317,\"w\":-0.9696921},\"Storages\":[{\"Version\":\"0.0.0\",\"ItemBlocks\":[]},{\"Version\":\"0.0.0\",\"ItemBlocks\":[]},{\"Version\":\"0.0.0\",\"ItemBlocks\":[]},{\"Version\":\"0.0.0\",\"ItemBlocks\":[]},{\"Version\":\"0.0.0\",\"ItemBlocks\":[]},{\"Version\":\"0.0.0\",\"ItemBlocks\":[]},{\"Version\":\"0.0.0\",\"ItemBlocks\":[]},{\"Version\":\"0.0.0\",\"ItemBlocks\":[]},{\"Version\":\"0.0.0\",\"ItemBlocks\":[]},{\"Version\":\"0.0.0\",\"ItemBlocks\":[]},{\"Version\":\"0.0.0\",\"ItemBlocks\":[]},{\"Version\":\"0.0.0\",\"ItemBlocks\":[]}],\"Modules\":[],\"SaveId\":19},{\"Id\":51,\"Pos\":{\"x\":-651.21875,\"y\":288.1833,\"z\":-758.545044},\"Rot\":{\"y\":0.972939253,\"w\":-0.231061},\"Storages\":[{\"Version\":\"0.0.0\",\"ItemBlocks\":[]},{\"Version\":\"0.0.0\",\"ItemBlocks\":[]},{\"Version\":\"0.0.0\",\"ItemBlocks\":[]},{\"Version\":\"0.0.0\",\"ItemBlocks\":[]}],\"Modules\":[],\"SaveId\":20},{\"Id\":51,\"Pos\":{\"x\":-651.1836,\"y\":288.7754,\"z\":-758.5403},\"Rot\":{\"y\":0.972918332,\"w\":-0.231149256},\"Storages\":[{\"Version\":\"0.0.0\",\"ItemBlocks\":[]},{\"Version\":\"0.0.0\",\"ItemBlocks\":[]},{\"Version\":\"0.0.0\",\"ItemBlocks\":[]},{\"Version\":\"0.0.0\",\"ItemBlocks\":[]}],\"Modules\":[],\"SaveId\":21},{\"Id\":51,\"Pos\":{\"x\":-651.213,\"y\":287.405457,\"z\":-758.525146},\"Rot\":{\"y\":0.9729224,\"w\":-0.231132075},\"Storages\":[{\"Version\":\"0.0.0\",\"ItemBlocks\":[]},{\"Version\":\"0.0.0\",\"ItemBlocks\":[]},{\"Version\":\"0.0.0\",\"ItemBlocks\":[]},{\"Version\":\"0.0.0\",\"ItemBlocks\":[]}],\"Modules\":[],\"SaveId\":22},{\"Id\":55,\"Pos\":{\"x\":-608.353333,\"y\":257.4555,\"z\":-759.8079},\"Rot\":{\"x\":0.0287642758,\"y\":0.314364463,\"z\":-0.009530237,\"w\":0.9488187},\"Storages\":[],\"Modules\":[],\"SaveId\":23},{\"Id\":53,\"Pos\":{\"x\":-674.1882,\"y\":289.0146,\"z\":-770.606262},\"Rot\":{\"y\":0.6880767,\"w\":0.725638032},\"Storages\":[],\"Modules\":[],\"SaveId\":24},{\"Id\":53,\"Pos\":{\"x\":-676.981,\"y\":288.234436,\"z\":-767.830261},\"Rot\":{\"y\":0.428711057,\"w\":0.903441668},\"Storages\":[],\"Modules\":[],\"SaveId\":25},{\"Id\":54,\"Pos\":{\"x\":-653.3041,\"y\":289.16153,\"z\":-763.512939},\"Rot\":{\"y\":-0.6381002,\"w\":-0.76995337},\"Storages\":[],\"Modules\":[],\"SaveId\":26},{\"Id\":55,\"Pos\":{\"x\":-628.0803,\"y\":273.920624,\"z\":-774.3192},\"Rot\":{\"x\":-0.322076321,\"y\":-0.647553861,\"z\":-0.350486934,\"w\":0.595062852},\"Storages\":[],\"Modules\":[],\"SaveId\":27},{\"Id\":96,\"Pos\":{\"x\":-669.6422,\"y\":285.404816,\"z\":-753.799},\"Rot\":{\"x\":0.02337818,\"y\":0.8234484,\"z\":0.054885678,\"w\":0.5642462},\"Storages\":[{\"Version\":\"0.0.0\",\"ItemBlocks\":[{\"ItemId\":78,\"TotalCount\":4,\"UniqueItems\":[]}]}],\"Modules\":[],\"SaveId\":28},{\"Id\":35,\"Pos\":{\"x\":-617.4593,\"y\":281.8735,\"z\":-734.830444},\"Rot\":{\"x\":0.0444622338,\"y\":-0.9876062,\"z\":0.09081834,\"w\":0.1200379},\"Storages\":[{\"Version\":\"0.0.0\",\"ItemBlocks\":[{\"ItemId\":436,\"TotalCount\":5,\"UniqueItems\":[{\"Modules\":[{\"CurrentState\":1,\"TimeRemainingInState\":86400.0,\"PauseDecay\":true,\"Version\":\"0.0.0\",\"ModuleId\":3}]},{\"Modules\":[{\"CurrentState\":1,\"TimeRemainingInState\":86400.0,\"PauseDecay\":true,\"Version\":\"0.0.0\",\"ModuleId\":3}]},{\"Modules\":[{\"CurrentState\":1,\"TimeRemainingInState\":86400.0,\"PauseDecay\":true,\"Version\":\"0.0.0\",\"ModuleId\":3}]},{\"Modules\":[{\"CurrentState\":1,\"TimeRemainingInState\":86400.0,\"PauseDecay\":true,\"Version\":\"0.0.0\",\"ModuleId\":3}]},{\"Modules\":[{\"CurrentState\":1,\"TimeRemainingInState\":86400.0,\"PauseDecay\":true,\"Version\":\"0.0.0\",\"ModuleId\":3}]}]}]}],\"Modules\":[],\"SaveId\":29},{\"Id\":67,\"Pos\":{\"x\":-648.403259,\"y\":285.1998,\"z\":-743.4715},\"Rot\":{\"x\":0.006970496,\"y\":0.594752133,\"z\":0.009420818,\"w\":-0.803823769},\"Storages\":[{\"Version\":\"0.0.0\",\"ItemBlocks\":[{\"ItemId\":78,\"TotalCount\":24,\"UniqueItems\":[]}]}],\"Modules\":[],\"SaveId\":30},{\"Id\":55,\"Pos\":{\"x\":-648.5526,\"y\":290.098938,\"z\":-732.297668},\"Rot\":{\"x\":0.0117491586,\"y\":-0.0112568066,\"z\":0.000132275512,\"w\":0.9998676},\"Storages\":[],\"Modules\":[],\"SaveId\":31},{\"Id\":29,\"Pos\":{\"x\":-673.589539,\"y\":286.166016,\"z\":-756.757751},\"Rot\":{\"y\":0.990943968,\"w\":0.1342763},\"Storages\":[{\"Version\":\"0.0.0\",\"ItemBlocks\":[{\"ItemId\":392,\"TotalCount\":1,\"UniqueItems\":[]}]}],\"Modules\":[],\"SaveId\":32},{\"Id\":31,\"Pos\":{\"x\":-674.6506,\"y\":286.166016,\"z\":-757.2209},\"Rot\":{\"y\":0.227077827,\"w\":-0.973876655},\"Storages\":[{\"Version\":\"0.0.0\",\"ItemBlocks\":[]}],\"Modules\":[],\"SaveId\":33},{\"Id\":29,\"Pos\":{\"x\":-672.6338,\"y\":286.166016,\"z\":-756.4488},\"Rot\":{\"y\":0.9885178,\"w\":0.1511045},\"Storages\":[{\"Version\":\"0.0.0\",\"ItemBlocks\":[]}],\"Modules\":[],\"SaveId\":34},{\"Id\":31,\"Pos\":{\"x\":-671.494,\"y\":286.166016,\"z\":-756.0178},\"Rot\":{\"y\":0.1882857,\"w\":-0.9821143},\"Storages\":[{\"Version\":\"0.0.0\",\"ItemBlocks\":[{\"ItemId\":393,\"TotalCount\":10,\"UniqueItems\":[]}]}],\"Modules\":[],\"SaveId\":35},{\"Id\":42,\"Pos\":{\"x\":-688.2511,\"y\":283.752777,\"z\":-738.2085},\"Rot\":{\"x\":0.00144022342,\"y\":0.725479,\"z\":0.00151865743,\"w\":0.6882412},\"Storages\":[],\"Modules\":[],\"SaveId\":36},{\"Id\":53,\"Pos\":{\"x\":-655.918945,\"y\":299.768,\"z\":-765.440247},\"Rot\":{\"y\":0.231962368,\"w\":0.9727248},\"Storages\":[],\"Modules\":[],\"SaveId\":37},{\"Id\":53,\"Pos\":{\"x\":-656.7667,\"y\":299.936218,\"z\":-762.884949},\"Rot\":{\"y\":0.851864755,\"w\":0.5237619},\"Storages\":[],\"Modules\":[],\"SaveId\":38},{\"Id\":53,\"Pos\":{\"x\":-657.618347,\"y\":299.875549,\"z\":-764.571},\"Rot\":{\"y\":0.231962368,\"w\":0.9727248},\"Storages\":[],\"Modules\":[],\"SaveId\":39},{\"Id\":53,\"Pos\":{\"x\":-654.3093,\"y\":297.907837,\"z\":-766.2477},\"Rot\":{\"y\":0.233464792,\"w\":0.97236526},\"Storages\":[],\"Modules\":[],\"SaveId\":40},{\"Id\":53,\"Pos\":{\"x\":-655.9107,\"y\":297.872559,\"z\":-761.2022},\"Rot\":{\"y\":0.851864755,\"w\":0.5237619},\"Storages\":[],\"Modules\":[],\"SaveId\":41},{\"Id\":53,\"Pos\":{\"x\":-655.7711,\"y\":293.3359,\"z\":-765.908447},\"Rot\":{\"y\":0.852810562,\"w\":0.5222205},\"Storages\":[],\"Modules\":[],\"SaveId\":42},{\"Id\":56,\"Pos\":{\"x\":-666.890442,\"y\":286.992035,\"z\":-770.4934},\"Rot\":{\"x\":0.05304,\"y\":-0.136205256,\"z\":0.04263415,\"w\":-0.9883407},\"Storages\":[],\"Modules\":[],\"SaveId\":43},{\"Id\":56,\"Pos\":{\"x\":-666.8128,\"y\":287.1468,\"z\":-768.5897},\"Rot\":{\"x\":0.0217428245,\"y\":0.990270138,\"z\":0.0148336357,\"w\":-0.136647075},\"Storages\":[],\"Modules\":[],\"SaveId\":44},{\"Id\":56,\"Pos\":{\"x\":-667.874146,\"y\":287.3073,\"z\":-768.496643},\"Rot\":{\"x\":0.04046565,\"y\":0.5184378,\"z\":0.05233553,\"w\":-0.8525525},\"Storages\":[],\"Modules\":[],\"SaveId\":45},{\"Id\":56,\"Pos\":{\"x\":-665.8846,\"y\":287.070282,\"z\":-769.0238},\"Rot\":{\"x\":0.0422138274,\"y\":0.6043126,\"z\":-0.00260280631,\"w\":-0.795623958},\"Storages\":[],\"Modules\":[],\"SaveId\":46},{\"Id\":40,\"Pos\":{\"x\":-674.020447,\"y\":287.314575,\"z\":-770.2279},\"Rot\":{\"y\":0.387862653,\"w\":0.9217172},\"Storages\":[],\"Modules\":[],\"SaveId\":47},{\"Id\":27,\"Pos\":{\"x\":-623.9018,\"y\":283.349335,\"z\":-737.7552},\"Rot\":{\"x\":0.0250653327,\"y\":0.75534457,\"z\":-0.05219336,\"w\":-0.652765},\"Storages\":[{\"Version\":\"0.0.0\",\"ItemBlocks\":[]}],\"Modules\":[],\"SaveId\":48},{\"Id\":35,\"Pos\":{\"x\":-615.4946,\"y\":282.065643,\"z\":-735.769836},\"Rot\":{\"x\":-0.146777362,\"y\":0.978812754,\"z\":-0.00132705108,\"w\":-0.142759383},\"Storages\":[{\"Version\":\"0.0.0\",\"ItemBlocks\":[{\"ItemId\":436,\"TotalCount\":5,\"UniqueItems\":[{\"Modules\":[{\"CurrentState\":1,\"TimeRemainingInState\":86400.0,\"PauseDecay\":true,\"Version\":\"0.0.0\",\"ModuleId\":3}]},{\"Modules\":[{\"CurrentState\":1,\"TimeRemainingInState\":86400.0,\"PauseDecay\":true,\"Version\":\"0.0.0\",\"ModuleId\":3}]},{\"Modules\":[{\"CurrentState\":1,\"TimeRemainingInState\":86400.0,\"PauseDecay\":true,\"Version\":\"0.0.0\",\"ModuleId\":3}]},{\"Modules\":[{\"CurrentState\":1,\"TimeRemainingInState\":86400.0,\"PauseDecay\":true,\"Version\":\"0.0.0\",\"ModuleId\":3}]},{\"Modules\":[{\"CurrentState\":1,\"TimeRemainingInState\":86400.0,\"PauseDecay\":true,\"Version\":\"0.0.0\",\"ModuleId\":3}]}]}]}],\"Modules\":[],\"SaveId\":49},{\"Id\":53,\"Pos\":{\"x\":-654.5492,\"y\":288.740784,\"z\":-769.4538},\"Rot\":{\"y\":0.9726169,\"w\":-0.23241429},\"Storages\":[],\"Modules\":[],\"SaveId\":50},{\"Id\":67,\"Pos\":{\"x\":-711.064453,\"y\":281.753571,\"z\":-766.1927},\"Rot\":{\"y\":-0.6150527,\"w\":-0.788486063},\"Storages\":[{\"Version\":\"0.0.0\",\"ItemBlocks\":[{\"ItemId\":78,\"TotalCount\":9,\"UniqueItems\":[]}]}],\"Modules\":[],\"SaveId\":51},{\"Id\":20,\"Pos\":{\"x\":1290.35767,\"y\":177.73056,\"z\":586.7939},\"Rot\":{\"x\":0.0399211645,\"y\":0.342114478,\"z\":0.0581537262,\"w\":-0.937007},\"Storages\":[],\"Modules\":[],\"SaveId\":52},{\"Id\":67,\"Pos\":{\"x\":-714.4782,\"y\":281.753571,\"z\":-767.42},\"Rot\":{\"y\":0.792852163,\"w\":-0.6094141},\"Storages\":[{\"Version\":\"0.0.0\",\"ItemBlocks\":[{\"ItemId\":78,\"TotalCount\":10,\"UniqueItems\":[]}]}],\"Modules\":[],\"SaveId\":53},{\"Id\":67,\"Pos\":{\"x\":-751.5429,\"y\":280.728638,\"z\":-734.438},\"Rot\":{\"x\":-0.036349766,\"y\":0.1974456,\"z\":-0.121461608,\"w\":-0.9720808},\"Storages\":[{\"Version\":\"0.0.0\",\"ItemBlocks\":[{\"ItemId\":78,\"TotalCount\":24,\"UniqueItems\":[]}]}],\"Modules\":[],\"SaveId\":54},{\"Id\":61,\"Pos\":{\"x\":-742.596252,\"y\":283.679016,\"z\":-736.4482},\"Rot\":{\"y\":-0.505394757,\"w\":0.8628883},\"Storages\":[{\"Version\":\"0.0.0\",\"ItemBlocks\":[{\"ItemId\":715,\"TotalCount\":1,\"UniqueItems\":[]}]}],\"Modules\":[],\"SaveId\":55},{\"Id\":61,\"Pos\":{\"x\":-751.029663,\"y\":281.74588,\"z\":-729.2024},\"Rot\":{\"x\":0.0213850774,\"y\":0.9363709,\"z\":0.05795192,\"w\":-0.3455341},\"Storages\":[{\"Version\":\"0.0.0\",\"ItemBlocks\":[]}],\"Modules\":[],\"SaveId\":56},{\"Id\":27,\"Pos\":{\"x\":-705.481445,\"y\":281.9719,\"z\":-762.1911},\"Rot\":{\"x\":-0.0514250323,\"y\":0.9741756,\"z\":-0.0116930921,\"w\":0.21954672},\"Storages\":[{\"Version\":\"0.0.0\",\"ItemBlocks\":[]}],\"Modules\":[],\"SaveId\":57},{\"Id\":52,\"Pos\":{\"x\":-718.505859,\"y\":282.137878,\"z\":-759.8295},\"Rot\":{\"y\":0.933067441,\"w\":-0.359701484},\"Storages\":[],\"Modules\":[],\"SaveId\":58},{\"Id\":27,\"Pos\":{\"x\":-706.0473,\"y\":281.9475,\"z\":-760.192261},\"Rot\":{\"x\":-0.03919603,\"y\":0.467652947,\"z\":0.073753044,\"w\":0.8799573},\"Storages\":[{\"Version\":\"0.0.0\",\"ItemBlocks\":[]}],\"Modules\":[],\"SaveId\":59},{\"Id\":80,\"Pos\":{\"x\":-732.7768,\"y\":282.136322,\"z\":-753.9742},\"Rot\":{\"y\":0.9129829,\"w\":0.407997876},\"Storages\":[],\"Modules\":[],\"SaveId\":60},{\"Id\":91,\"Pos\":{\"x\":-736.572754,\"y\":282.136444,\"z\":-750.8843},\"Rot\":{\"y\":-0.9172382,\"w\":-0.398339242},\"Storages\":[],\"Modules\":[],\"SaveId\":61},{\"Id\":24,\"Pos\":{\"x\":-732.9926,\"y\":285.691071,\"z\":-753.8741},\"Rot\":{\"y\":0.94844085,\"w\":-0.3169543},\"Storages\":[],\"Modules\":[],\"SaveId\":62},{\"Id\":27,\"Pos\":{\"x\":-621.4092,\"y\":283.310883,\"z\":-743.3892},\"Rot\":{\"y\":0.984322846,\"w\":-0.176376447},\"Storages\":[{\"Version\":\"0.0.0\",\"ItemBlocks\":[{\"ItemId\":436,\"TotalCount\":5,\"UniqueItems\":[{\"Modules\":[{\"CurrentState\":4,\"PauseDecay\":true,\"Version\":\"0.0.0\",\"ModuleId\":3}]},{\"Modules\":[{\"CurrentState\":4,\"PauseDecay\":true,\"Version\":\"0.0.0\",\"ModuleId\":3}]},{\"Modules\":[{\"CurrentState\":4,\"PauseDecay\":true,\"Version\":\"0.0.0\",\"ModuleId\":3}]},{\"Modules\":[{\"CurrentState\":4,\"PauseDecay\":true,\"Version\":\"0.0.0\",\"ModuleId\":3}]},{\"Modules\":[{\"CurrentState\":4,\"PauseDecay\":true,\"Version\":\"0.0.0\",\"ModuleId\":3}]}]}]}],\"Modules\":[],\"SaveId\":63},{\"Id\":71,\"Pos\":{\"x\":-729.265564,\"y\":282.136322,\"z\":-754.1923},\"Rot\":{\"y\":0.935435951,\"w\":-0.353496224},\"Storages\":[],\"Modules\":[{\"StateDataTypeId\":3}],\"SaveId\":64},{\"Id\":63,\"Pos\":{\"x\":-707.496,\"y\":281.96875,\"z\":-773.4995},\"Rot\":{\"y\":0.9467908,\"w\":-0.321849734},\"Storages\":[],\"Modules\":[],\"SaveId\":65},{\"Id\":21,\"Pos\":{\"x\":-708.761658,\"y\":281.827881,\"z\":-771.958069},\"Rot\":{\"x\":0.00451540761,\"y\":-0.385273576,\"z\":0.0108143743,\"w\":0.922728},\"Storages\":[],\"Modules\":[],\"SaveId\":66},{\"Id\":21,\"Pos\":{\"x\":-710.1467,\"y\":281.814178,\"z\":-773.4248},\"Rot\":{\"x\":0.0226241723,\"y\":-0.541706264,\"z\":0.01345524,\"w\":0.8401556},\"Storages\":[],\"Modules\":[],\"SaveId\":67},{\"Id\":21,\"Pos\":{\"x\":-709.5515,\"y\":281.812836,\"z\":-772.6051},\"Rot\":{\"x\":0.0159499142,\"y\":-0.487808526,\"z\":0.004513057,\"w\":0.872793257},\"Storages\":[],\"Modules\":[],\"SaveId\":68},{\"Id\":25,\"Pos\":{\"x\":-705.687439,\"y\":288.192535,\"z\":-718.5821},\"Rot\":{\"y\":-0.535650432,\"w\":-0.844439864},\"Storages\":[],\"Modules\":[],\"SaveId\":69},{\"Id\":70,\"Pos\":{\"x\":-705.3587,\"y\":288.192474,\"z\":-720.0521},\"Rot\":{\"y\":0.327117026,\"w\":-0.94498384},\"Storages\":[{\"Version\":\"0.0.0\",\"ItemBlocks\":[]},{\"Version\":\"0.0.0\",\"ItemBlocks\":[]}],\"Modules\":[],\"SaveId\":70}]}"}}