{"Version":"0.0.0","Data":{"StructureDestruction":"{\"Version\":\"0.0.0\",\"Data\":[{\"TypeID\":25,\"InstanceID\":1,\"Info\":{\"Health\":48.0,\"MaxHealth\":60.0,\"ElementCount\":1,\"MaxElements\":1,\"BreakCount\":1.0}},{\"TypeID\":32,\"InstanceID\":3,\"Info\":{\"Health\":155.0,\"MaxHealth\":60.0,\"ElementCount\":3,\"MaxElements\":1,\"BreakCount\":1.0,\"CanBreakTopElement\":true}},{\"TypeID\":12,\"InstanceID\":10,\"Info\":{\"Health\":55.52,\"MaxHealth\":60.0,\"ElementCount\":1,\"MaxElements\":1,\"BreakCount\":1.0}},{\"TypeID\":12,\"InstanceID\":9,\"Info\":{\"Health\":50.0,\"MaxHealth\":60.0,\"ElementCount\":1,\"MaxElements\":1,\"BreakCount\":1.0}},{\"TypeID\":12,\"InstanceID\":11,\"Info\":{\"Health\":25.0,\"MaxHealth\":60.0,\"ElementCount\":1,\"MaxElements\":1,\"BreakCount\":1.0}},{\"TypeID\":35,\"InstanceID\":1,\"Info\":{\"Health\":2256.6,\"MaxHealth\":2280.0,\"ElementCount\":38,\"MaxElements\":38,\"BreakCount\":28.0,\"CanBreakTopElement\":true}},{\"TypeID\":3,\"InstanceID\":439,\"Info\":{\"Health\":579.5,\"MaxHealth\":582.0,\"ElementCount\":1,\"MaxElements\":1,\"BreakCount\":1.0}},{\"TypeID\":12,\"InstanceID\":5,\"Info\":{\"Health\":44.0,\"MaxHealth\":60.0,\"ElementCount\":1,\"MaxElements\":1,\"BreakCount\":1.0}},{\"TypeID\":2,\"InstanceID\":78,\"Info\":{\"Health\":57.5,\"MaxHealth\":60.0,\"ElementCount\":1,\"MaxElements\":1,\"BreakCount\":1.0}},{\"TypeID\":9,\"InstanceID\":58,\"Info\":{\"Health\":545.0,\"MaxHealth\":600.0,\"ElementCount\":5,\"MaxElements\":5,\"BreakCount\":4.0,\"CanBreakTopElement\":true}},{\"TypeID\":4,\"InstanceID\":98,\"Info\":{\"Health\":269.5,\"MaxHealth\":300.0,\"ElementCount\":5,\"MaxElements\":5,\"BreakCount\":4.0,\"CanBreakTopElement\":true}},{\"TypeID\":3,\"InstanceID\":642,\"Info\":{\"Health\":22.5,\"MaxHealth\":60.0,\"ElementCount\":1,\"MaxElements\":1,\"BreakCount\":1.0}},{\"TypeID\":33,\"InstanceID\":10,\"Info\":{\"Health\":210.0,\"MaxHealth\":60.0,\"ElementCount\":4,\"MaxElements\":1,\"BreakCount\":1.0,\"CanBreakTopElement\":true}},{\"TypeID\":2,\"InstanceID\":278,\"Info\":{\"Health\":100.5,\"MaxHealth\":138.0,\"ElementCount\":1,\"MaxElements\":1,\"BreakCount\":1.0}},{\"TypeID\":33,\"InstanceID\":11,\"Info\":{\"Health\":210.0,\"MaxHealth\":60.0,\"ElementCount\":4,\"MaxElements\":1,\"BreakCount\":1.0,\"CanBreakTopElement\":true}},{\"TypeID\":9,\"InstanceID\":24,\"Info\":{\"Health\":505.0,\"MaxHealth\":600.0,\"ElementCount\":4,\"MaxElements\":5,\"BreakCount\":4.0}},{\"TypeID\":3,\"InstanceID\":248,\"Info\":{\"Health\":40.0,\"MaxHealth\":60.0,\"ElementCount\":1,\"MaxElements\":1,\"BreakCount\":1.0}},{\"TypeID\":33,\"InstanceID\":31,\"Info\":{\"Health\":180.0,\"MaxHealth\":60.0,\"ElementCount\":4,\"MaxElements\":1,\"BreakCount\":1.0,\"CanBreakTopElement\":true}},{\"TypeID\":9,\"InstanceID\":180,\"Info\":{\"Health\":587.5,\"MaxHealth\":600.0,\"ElementCount\":5,\"MaxElements\":5,\"BreakCount\":4.0,\"CanBreakTopElement\":true}},{\"TypeID\":8,\"InstanceID\":120,\"Info\":{\"Health\":3342.49976,\"MaxHealth\":3389.99976,\"ElementCount\":5,\"MaxElements\":5,\"BreakCount\":4.0,\"CanBreakTopElement\":true}},{\"TypeID\":8,\"InstanceID\":37,\"Info\":{\"Health\":3232.49976,\"MaxHealth\":3389.99976,\"ElementCount\":5,\"MaxElements\":5,\"BreakCount\":4.0,\"CanBreakTopElement\":true}},{\"TypeID\":9,\"InstanceID\":183,\"Info\":{\"Health\":581.25,\"MaxHealth\":600.0,\"ElementCount\":5,\"MaxElements\":5,\"BreakCount\":4.0,\"CanBreakTopElement\":true}},{\"TypeID\":8,\"InstanceID\":34,\"Info\":{\"Health\":3117.99976,\"MaxHealth\":3389.99976,\"ElementCount\":5,\"MaxElements\":5,\"BreakCount\":4.0,\"CanBreakTopElement\":true}},{\"TypeID\":3,\"InstanceID\":293,\"Info\":{\"Health\":1755.25159,\"MaxHealth\":1757.75159,\"ElementCount\":1,\"MaxElements\":1,\"BreakCount\":1.0}},{\"TypeID\":33,\"InstanceID\":5,\"Info\":{\"Health\":210.0,\"MaxHealth\":60.0,\"ElementCount\":4,\"MaxElements\":1,\"BreakCount\":1.0,\"CanBreakTopElement\":true}},{\"TypeID\":2,\"InstanceID\":171,\"Info\":{\"Health\":784.85,\"MaxHealth\":787.35,\"ElementCount\":1,\"MaxElements\":1,\"BreakCount\":1.0}},{\"TypeID\":8,\"InstanceID\":119,\"Info\":{\"Health\":3369.99976,\"MaxHealth\":3389.99976,\"ElementCount\":5,\"MaxElements\":5,\"BreakCount\":4.0,\"CanBreakTopElement\":true}},{\"TypeID\":33,\"InstanceID\":9,\"Info\":{\"Health\":210.0,\"MaxHealth\":60.0,\"ElementCount\":4,\"MaxElements\":1,\"BreakCount\":1.0,\"CanBreakTopElement\":true}},{\"TypeID\":9,\"InstanceID\":195,\"Info\":{\"Health\":552.5,\"MaxHealth\":600.0,\"ElementCount\":5,\"MaxElements\":5,\"BreakCount\":4.0,\"CanBreakTopElement\":true}},{\"TypeID\":2,\"InstanceID\":179,\"Info\":{\"Health\":1081.26245,\"MaxHealth\":1161.26245,\"ElementCount\":1,\"MaxElements\":1,\"BreakCount\":1.0}},{\"TypeID\":3,\"InstanceID\":446,\"Info\":{\"Health\":502.25,\"MaxHealth\":530.25,\"ElementCount\":1,\"MaxElements\":1,\"BreakCount\":1.0}},{\"TypeID\":2,\"InstanceID\":220,\"Info\":{\"Health\":740.337463,\"MaxHealth\":768.337463,\"ElementCount\":1,\"MaxElements\":1,\"BreakCount\":1.0}},{\"TypeID\":8,\"InstanceID\":43,\"Info\":{\"Health\":2909.37476,\"MaxHealth\":2911.87476,\"ElementCount\":5,\"MaxElements\":5,\"BreakCount\":4.0,\"CanBreakTopElement\":true}},{\"TypeID\":33,\"InstanceID\":1,\"Info\":{\"Health\":210.0,\"MaxHealth\":60.0,\"ElementCount\":4,\"MaxElements\":1,\"BreakCount\":1.0,\"CanBreakTopElement\":true}},{\"TypeID\":3,\"InstanceID\":149,\"Info\":{\"Health\":10.0,\"MaxHealth\":90.0,\"ElementCount\":1,\"MaxElements\":1,\"BreakCount\":1.0}},{\"TypeID\":5,\"InstanceID\":7,\"Info\":{\"Health\":400.0,\"MaxHealth\":540.0,\"ElementCount\":8,\"MaxElements\":9,\"BreakCount\":7.0,\"CanBreakTopElement\":true}},{\"TypeID\":8,\"InstanceID\":46,\"Info\":{\"Health\":3272.49976,\"MaxHealth\":3277.49976,\"ElementCount\":5,\"MaxElements\":5,\"BreakCount\":4.0,\"CanBreakTopElement\":true}},{\"TypeID\":3,\"InstanceID\":382,\"Info\":{\"Health\":506.375,\"MaxHealth\":508.875,\"ElementCount\":1,\"MaxElements\":1,\"BreakCount\":1.0}},{\"TypeID\":16,\"InstanceID\":2,\"Info\":{\"Health\":2.5,\"MaxHealth\":60.0,\"ElementCount\":1,\"MaxElements\":1,\"BreakCount\":1.0}},{\"TypeID\":33,\"InstanceID\":30,\"Info\":{\"Health\":210.0,\"MaxHealth\":60.0,\"ElementCount\":4,\"MaxElements\":1,\"BreakCount\":1.0,\"CanBreakTopElement\":true}},{\"TypeID\":8,\"InstanceID\":35,\"Info\":{\"Health\":3272.49976,\"MaxHealth\":3277.49976,\"ElementCount\":5,\"MaxElements\":5,\"BreakCount\":4.0,\"CanBreakTopElement\":true}},{\"TypeID\":2,\"InstanceID\":177,\"Info\":{\"Health\":726.5687,\"MaxHealth\":769.0687,\"ElementCount\":1,\"MaxElements\":1,\"BreakCount\":1.0}},{\"TypeID\":3,\"InstanceID\":383,\"Info\":{\"Health\":579.5,\"MaxHealth\":582.0,\"ElementCount\":1,\"MaxElements\":1,\"BreakCount\":1.0}},{\"TypeID\":3,\"InstanceID\":379,\"Info\":{\"Health\":557.0,\"MaxHealth\":559.5,\"ElementCount\":1,\"MaxElements\":1,\"BreakCount\":1.0}},{\"TypeID\":33,\"InstanceID\":19,\"Info\":{\"Health\":210.0,\"MaxHealth\":60.0,\"ElementCount\":4,\"MaxElements\":1,\"BreakCount\":1.0,\"CanBreakTopElement\":true}},{\"TypeID\":33,\"InstanceID\":18,\"Info\":{\"Health\":210.0,\"MaxHealth\":60.0,\"ElementCount\":4,\"MaxElements\":1,\"BreakCount\":1.0,\"CanBreakTopElement\":true}},{\"TypeID\":4,\"InstanceID\":225,\"Info\":{\"Health\":297.5,\"MaxHealth\":300.0,\"ElementCount\":5,\"MaxElements\":5,\"BreakCount\":4.0,\"CanBreakTopElement\":true}},{\"TypeID\":3,\"InstanceID\":639,\"Info\":{\"Health\":57.5,\"MaxHealth\":60.0,\"ElementCount\":1,\"MaxElements\":1,\"BreakCount\":1.0}},{\"TypeID\":29,\"InstanceID\":14,\"Info\":{\"Health\":40.0,\"MaxHealth\":60.0,\"ElementCount\":1,\"MaxElements\":1,\"BreakCount\":1.0}},{\"TypeID\":3,\"InstanceID\":657,\"Info\":{\"Health\":55.0,\"MaxHealth\":60.0,\"ElementCount\":1,\"MaxElements\":1,\"BreakCount\":1.0}},{\"TypeID\":2,\"InstanceID\":175,\"Info\":{\"Health\":814.1,\"MaxHealth\":816.6,\"ElementCount\":1,\"MaxElements\":1,\"BreakCount\":1.0}},{\"TypeID\":2,\"InstanceID\":174,\"Info\":{\"Health\":764.0687,\"MaxHealth\":769.0687,\"ElementCount\":1,\"MaxElements\":1,\"BreakCount\":1.0}},{\"TypeID\":33,\"InstanceID\":6,\"Info\":{\"Health\":180.0,\"MaxHealth\":60.0,\"ElementCount\":4,\"MaxElements\":1,\"BreakCount\":1.0,\"CanBreakTopElement\":true}},{\"TypeID\":33,\"InstanceID\":4,\"Info\":{\"Health\":220.0,\"MaxHealth\":60.0,\"ElementCount\":4,\"MaxElements\":1,\"BreakCount\":1.0,\"CanBreakTopElement\":true}},{\"TypeID\":33,\"InstanceID\":24,\"Info\":{\"Health\":210.0,\"MaxHealth\":60.0,\"ElementCount\":4,\"MaxElements\":1,\"BreakCount\":1.0,\"CanBreakTopElement\":true}},{\"TypeID\":33,\"InstanceID\":17,\"Info\":{\"Health\":210.0,\"MaxHealth\":60.0,\"ElementCount\":4,\"MaxElements\":1,\"BreakCount\":1.0,\"CanBreakTopElement\":true}},{\"TypeID\":8,\"InstanceID\":38,\"Info\":{\"Health\":3021.87476,\"MaxHealth\":3024.37476,\"ElementCount\":5,\"MaxElements\":5,\"BreakCount\":4.0,\"CanBreakTopElement\":true}},{\"TypeID\":8,\"InstanceID\":111,\"Info\":{\"Health\":309.5,\"MaxHealth\":780.0,\"ElementCount\":2,\"MaxElements\":5,\"BreakCount\":4.0}},{\"TypeID\":4,\"InstanceID\":169,\"Info\":{\"Health\":297.5,\"MaxHealth\":300.0,\"ElementCount\":5,\"MaxElements\":5,\"BreakCount\":4.0,\"CanBreakTopElement\":true}},{\"TypeID\":8,\"InstanceID\":47,\"Info\":{\"Health\":3272.49976,\"MaxHealth\":3277.49976,\"ElementCount\":5,\"MaxElements\":5,\"BreakCount\":4.0,\"CanBreakTopElement\":true}},{\"TypeID\":3,\"InstanceID\":276,\"Info\":{\"Health\":1760.15,\"MaxHealth\":1762.65,\"ElementCount\":1,\"MaxElements\":1,\"BreakCount\":1.0}},{\"TypeID\":8,\"InstanceID\":51,\"Info\":{\"Health\":3274.99976,\"MaxHealth\":3277.49976,\"ElementCount\":5,\"MaxElements\":5,\"BreakCount\":4.0,\"CanBreakTopElement\":true}},{\"TypeID\":33,\"InstanceID\":12,\"Info\":{\"Health\":210.0,\"MaxHealth\":60.0,\"ElementCount\":4,\"MaxElements\":1,\"BreakCount\":1.0,\"CanBreakTopElement\":true}},{\"TypeID\":33,\"InstanceID\":7,\"Info\":{\"Health\":210.0,\"MaxHealth\":60.0,\"ElementCount\":4,\"MaxElements\":1,\"BreakCount\":1.0,\"CanBreakTopElement\":true}},{\"TypeID\":33,\"InstanceID\":28,\"Info\":{\"Health\":210.0,\"MaxHealth\":60.0,\"ElementCount\":4,\"MaxElements\":1,\"BreakCount\":1.0,\"CanBreakTopElement\":true}}]}"}}