{"Version":"0.0.0","Data":{"WorldItemManager":"{\"Version\":\"0.0.0\",\"WorldItemStates\":[{\"ObjectNameId\":\"\",\"ItemId\":590,\"Position\":{\"x\":1549.77966,\"y\":138.415,\"z\":-278.405579},\"Rotation\":{\"x\":0.3454943,\"y\":118.832779,\"z\":3.14218426},\"Unnamed\":true},{\"ObjectNameId\":\"World.GolfCart.01\",\"Position\":{\"x\":735.561462,\"y\":92.11,\"z\":1492.85645},\"Rotation\":{\"y\":59.3326035}},{\"ObjectNameId\":\"World.GolfCart.02\",\"Position\":{\"x\":1030.9928,\"y\":83.629,\"z\":1523.309},\"Rotation\":{\"y\":310.235138}},{\"ObjectNameId\":\"World.GolfCart.03\",\"Position\":{\"x\":-634.549438,\"y\":149.577423,\"z\":261.784943},\"Rotation\":{\"x\":359.462219,\"y\":101.915565,\"z\":346.9413},\"ItemStateData\":[{\"Power\":1000.0,\"StateDataTypeId\":1,\"Version\":\"0.0.0\"}]},{\"ObjectNameId\":\"World.GolfCart.04\",\"Position\":{\"x\":1014.11,\"y\":140.11,\"z\":1223.06},\"Rotation\":{\"y\":146.876465}},{\"ObjectNameId\":\"World.GolfCart.05\",\"Position\":{\"x\":1302.46118,\"y\":178.3826,\"z\":585.994},\"Rotation\":{\"x\":12.5942116,\"y\":333.628937,\"z\":355.8966},\"ItemStateData\":[{\"Power\":1000.0,\"StateDataTypeId\":1,\"Version\":\"0.0.0\"}]},{\"ObjectNameId\":\"World.GolfCart.06\",\"Position\":{\"x\":1839.567,\"y\":15.09,\"z\":355.608978},\"Rotation\":{\"y\":97.15335}},{\"ObjectNameId\":\"World.GolfCart.07\",\"Position\":{\"x\":1707.07,\"y\":45.61,\"z\":561.72},\"Rotation\":{\"x\":356.325043,\"y\":229.34375,\"z\":1.9684552}},{\"ObjectNameId\":\"World.GolfCart.08\",\"Position\":{\"x\":-762.8389,\"y\":278.488373,\"z\":-729.8805},\"Rotation\":{\"x\":15.0197229,\"y\":221.96669,\"z\":2.395114},\"ItemStateData\":[{\"Power\":1000.0,\"StateDataTypeId\":1,\"Version\":\"0.0.0\"}]},{\"ObjectNameId\":\"World.GolfCart.09\",\"Position\":{\"x\":-1065.73669,\"y\":142.300217,\"z\":-190.76358},\"Rotation\":{\"x\":2.89418554,\"y\":302.313019,\"z\":348.502869},\"ItemStateData\":[{\"Power\":1000.0,\"StateDataTypeId\":1,\"Version\":\"0.0.0\"}]},{\"ObjectNameId\":\"World.GolfCart.10\",\"Position\":{\"x\":-1607.9,\"y\":67.324,\"z\":-1160.15},\"Rotation\":{\"y\":219.315521}},{\"ObjectNameId\":\"World.GolfCart.11\",\"Position\":{\"x\":-962.2904,\"y\":251.687622,\"z\":-713.387},\"Rotation\":{\"x\":344.953064,\"y\":244.904236,\"z\":238.6509},\"ItemStateData\":[{\"Power\":1000.0,\"StateDataTypeId\":1,\"Version\":\"0.0.0\"}]},{\"ObjectNameId\":\"World.GolfCart.12\",\"Position\":{\"x\":442.686127,\"y\":28.46099,\"z\":-1702.94409},\"Rotation\":{\"x\":0.138392,\"y\":37.2918549,\"z\":0.195346311},\"ItemStateData\":[{\"Power\":1000.0,\"StateDataTypeId\":1,\"Version\":\"0.0.0\"}]},{\"ObjectNameId\":\"World.GolfCart.13\",\"Position\":{\"x\":1044.47864,\"y\":16.305,\"z\":1825.028},\"Rotation\":{\"x\":7.10553932}},{\"ObjectNameId\":\"World.GolfCart.14\",\"Position\":{\"x\":1103.6698,\"y\":237.439178,\"z\":65.88242},\"Rotation\":{\"x\":30.84122,\"y\":10.5569477,\"z\":355.6017},\"ItemStateData\":[{\"Power\":1000.0,\"StateDataTypeId\":1,\"Version\":\"0.0.0\"}]},{\"ObjectNameId\":\"World.GolfCart.15\",\"Position\":{\"x\":1269.28979,\"y\":237.698,\"z\":-612.329163},\"Rotation\":{\"x\":0.410387546,\"y\":171.756821,\"z\":359.991516}},{\"ObjectNameId\":\"World.GolfCart.16\",\"Position\":{\"x\":722.879639,\"y\":89.07212,\"z\":1682.75574},\"Rotation\":{\"x\":5.28792429,\"y\":38.0067444,\"z\":355.256653}},{\"ObjectNameId\":\"World.GolfCart.17\",\"Position\":{\"x\":715.53,\"y\":84.0,\"z\":1404.13},\"Rotation\":{\"x\":0.410387665,\"y\":24.0834351,\"z\":359.991516}},{\"ObjectNameId\":\"World.GolfCart.18\",\"Position\":{\"x\":930.87,\"y\":96.16,\"z\":1294.86},\"Rotation\":{\"x\":0.410387784,\"y\":283.935852,\"z\":359.991516}},{\"ObjectNameId\":\"World.GolfCart.19\",\"Position\":{\"x\":321.2,\"y\":524.2,\"z\":-206.13},\"Rotation\":{\"x\":0.410387784,\"y\":283.935852,\"z\":359.991516}},{\"ObjectNameId\":\"World.GolfCart.20\",\"Position\":{\"x\":328.4814,\"y\":524.2,\"z\":-203.086716},\"Rotation\":{\"x\":0.4103877,\"y\":212.535141,\"z\":359.991516}},{\"ObjectNameId\":\"World.GolfCart.21\",\"Position\":{\"x\":664.294,\"y\":421.063,\"z\":531.001},\"Rotation\":{\"x\":359.598846,\"y\":92.8904,\"z\":0.08696169}},{\"ObjectNameId\":\"World.GolfCart.23\",\"Position\":{\"x\":385.599,\"y\":443.785,\"z\":-657.816},\"Rotation\":{\"x\":359.811981,\"y\":42.38057,\"z\":0.36489}},{\"ObjectNameId\":\"World.GolfCart.24\",\"Position\":{\"x\":-1005.72137,\"y\":112.074135,\"z\":41.9511948},\"Rotation\":{\"x\":35.5942268,\"y\":137.943253,\"z\":336.8294},\"ItemStateData\":[{\"Power\":1000.0,\"StateDataTypeId\":1,\"Version\":\"0.0.0\"}]},{\"ObjectNameId\":\"World.GolfCart.25\",\"Position\":{\"x\":-764.567261,\"y\":127.189835,\"z\":-28.1322327},\"Rotation\":{\"x\":352.6142,\"y\":241.466858,\"z\":22.981781},\"ItemStateData\":[{\"Power\":1000.0,\"StateDataTypeId\":1,\"Version\":\"0.0.0\"}]},{\"ObjectNameId\":\"World.GolfCart.26\",\"Position\":{\"x\":-1048.53857,\"y\":152.0955,\"z\":-319.874054},\"Rotation\":{\"x\":340.783142,\"y\":180.0927,\"z\":268.708557},\"ItemStateData\":[{\"Power\":1000.0,\"StateDataTypeId\":1,\"Version\":\"0.0.0\"}]},{\"ObjectNameId\":\"World.GolfCart.27\",\"Position\":{\"x\":2.463,\"y\":82.778,\"z\":1236.282},\"Rotation\":{\"x\":359.648254,\"y\":82.8643,\"z\":0.7333647}},{\"ObjectNameId\":\"World.GolfCart.28\",\"Position\":{\"x\":-284.436,\"y\":156.026,\"z\":740.797},\"Rotation\":{\"x\":359.648254,\"y\":82.8643,\"z\":0.7333647}},{\"ObjectNameId\":\"World.GolfCart.29\",\"Position\":{\"x\":577.92,\"y\":147.13,\"z\":1082.82},\"Rotation\":{\"x\":4.145351,\"y\":72.4333038,\"z\":1.06938589}},{\"ObjectNameId\":\"World.GolfCart.30\",\"Position\":{\"x\":1166.989,\"y\":245.099,\"z\":-494.032},\"Rotation\":{\"x\":0.4769757,\"y\":14.955411,\"z\":-0.00131030788}},{\"ObjectNameId\":\"World.GolfCart.31\",\"Position\":{\"x\":1171.198,\"y\":245.084,\"z\":-508.835},\"Rotation\":{\"x\":359.724976,\"y\":282.3541,\"z\":358.6098}},{\"ObjectNameId\":\"World.HangGlider.01\",\"ItemId\":626,\"Position\":{\"x\":-504.4314,\"y\":322.9,\"z\":-307.391937},\"Rotation\":{\"x\":348.309,\"y\":323.544159,\"z\":14.5050135}},{\"ObjectNameId\":\"World.HangGlider.02\",\"ItemId\":626,\"Position\":{\"x\":-129.602,\"y\":409.213,\"z\":-1028.051},\"Rotation\":{\"x\":351.389984,\"y\":329.3657,\"z\":0.138631791}},{\"ObjectNameId\":\"World.HangGlider.03\",\"ItemId\":626,\"Position\":{\"x\":499.2,\"y\":557.097,\"z\":-230.5547},\"Rotation\":{\"x\":355.0499,\"y\":32.1509933,\"z\":359.1404}},{\"ObjectNameId\":\"World.HangGlider.04\",\"ItemId\":626,\"Position\":{\"x\":-1184.115,\"y\":222.064,\"z\":-1728.872},\"Rotation\":{\"x\":343.985382,\"y\":201.6662,\"z\":1.7791419}},{\"ObjectNameId\":\"World.HangGlider.05\",\"ItemId\":626,\"Position\":{\"x\":730.21,\"y\":369.44,\"z\":737.53},\"Rotation\":{\"x\":352.072418,\"y\":76.0602,\"z\":10.1163607}},{\"ObjectNameId\":\"World.HangGlider.06\",\"ItemId\":626,\"Position\":{\"x\":1083.83,\"y\":276.25,\"z\":-108.44},\"Rotation\":{\"x\":350.967682,\"y\":55.8634224,\"z\":358.586273},\"State\":1},{\"ObjectNameId\":\"World.HangGlider.07\",\"ItemId\":626,\"Position\":{\"x\":797.919,\"y\":227.604,\"z\":974.662},\"Rotation\":{\"x\":348.581268,\"y\":85.60433,\"z\":0.338460147}},{\"ObjectNameId\":\"World.HangGlider.08\",\"ItemId\":626,\"Position\":{\"x\":-30.42196,\"y\":250.851,\"z\":665.780762},\"Rotation\":{\"x\":349.07724,\"y\":29.4347,\"z\":359.718079}},{\"ObjectNameId\":\"World.HangGlider.09\",\"ItemId\":626,\"Position\":{\"x\":1297.427,\"y\":193.902,\"z\":-30.833},\"Rotation\":{\"x\":343.768463,\"y\":97.55601,\"z\":358.8292}},{\"ObjectNameId\":\"World.HangGlider.10\",\"ItemId\":626,\"Position\":{\"x\":789.7307,\"y\":400.973053,\"z\":273.9027},\"Rotation\":{\"x\":347.482727,\"y\":134.715927,\"z\":6.64512062}},{\"ObjectNameId\":\"World.HangGlider.11\",\"ItemId\":626,\"Position\":{\"x\":-1772.019,\"y\":83.742,\"z\":1171.201},\"Rotation\":{\"x\":343.949432,\"y\":260.051025,\"z\":358.352417}},{\"ObjectNameId\":\"World.HangGlider.12\",\"ItemId\":626,\"Position\":{\"x\":-1297.05,\"y\":79.94,\"z\":1740.64},\"Rotation\":{\"x\":351.4062,\"y\":52.2687378,\"z\":2.82513452}},{\"ObjectNameId\":\"World.HangGlider.13\",\"ItemId\":626,\"Position\":{\"x\":-799.537,\"y\":189.46,\"z\":-281.768},\"Rotation\":{\"x\":346.713776,\"y\":326.310059,\"z\":358.165375}},{\"ObjectNameId\":\"World.HangGlider.14\",\"ItemId\":626,\"Position\":{\"x\":845.957,\"y\":208.618,\"z\":1105.196},\"Rotation\":{\"x\":346.472382,\"y\":357.72287,\"z\":357.372742}},{\"ObjectNameId\":\"World.HangGlider.15\",\"ItemId\":626,\"Position\":{\"x\":299.62,\"y\":424.83,\"z\":-973.85},\"Rotation\":{\"x\":340.809021,\"y\":111.135727,\"z\":1.38758492}},{\"ObjectNameId\":\"World.HangGlider.16\",\"ItemId\":626,\"Position\":{\"x\":408.771,\"y\":404.545,\"z\":611.245},\"Rotation\":{\"x\":354.255676,\"y\":17.3717937,\"z\":358.3483}},{\"ObjectNameId\":\"World.HangGlider.17\",\"ItemId\":626,\"Position\":{\"x\":413.76,\"y\":141.39,\"z\":1078.72},\"Rotation\":{\"x\":341.3796,\"y\":346.3183,\"z\":358.759583}},{\"ObjectNameId\":\"World.HangGlider.18\",\"ItemId\":626,\"Position\":{\"x\":-1438.968,\"y\":230.311,\"z\":-1124.439},\"Rotation\":{\"x\":352.443146,\"y\":275.240723,\"z\":0.7870886}},{\"ObjectNameId\":\"World.HangGlider.19\",\"ItemId\":626,\"Position\":{\"x\":247.743,\"y\":102.447,\"z\":1087.013},\"Rotation\":{\"x\":345.982452,\"y\":64.1192856,\"z\":1.88516533}},{\"ObjectNameId\":\"World.HangGlider.20\",\"ItemId\":626,\"Position\":{\"x\":56.173,\"y\":230.577,\"z\":-1561.909},\"Rotation\":{\"x\":356.160583,\"y\":174.8172,\"z\":358.455231}},{\"ObjectNameId\":\"World.HangGlider.21\",\"ItemId\":626,\"Position\":{\"x\":1259.93,\"y\":246.207,\"z\":-298.683},\"Rotation\":{\"x\":0.530085742,\"y\":122.454353,\"z\":359.37915}},{\"ObjectNameId\":\"World.HangGlider.22\",\"ItemId\":626,\"Position\":{\"x\":746.307,\"y\":464.81,\"z\":350.594},\"Rotation\":{\"x\":7.51800728,\"y\":107.1446,\"z\":9.459678}},{\"ObjectNameId\":\"World.KnightV.01\",\"ItemId\":630,\"Position\":{\"x\":-965.905,\"y\":272.927,\"z\":-783.445},\"Rotation\":{\"x\":359.526184,\"y\":297.6641,\"z\":310.8762},\"State\":1},{\"ObjectNameId\":\"World.KnightV.02\",\"ItemId\":630,\"Position\":{\"x\":1750.97,\"y\":34.09,\"z\":805.73},\"Rotation\":{\"x\":1.4592706,\"y\":74.8456955,\"z\":299.778442},\"State\":1},{\"ObjectNameId\":\"World.KnightV.03\",\"ItemId\":630,\"Position\":{\"x\":-238.128,\"y\":97.089,\"z\":950.960266},\"Rotation\":{\"x\":356.628723,\"y\":69.52765,\"z\":37.52209}},{\"ObjectNameId\":\"World.KnightV.04\",\"ItemId\":630,\"Position\":{\"x\":-1031.791,\"y\":226.86,\"z\":-625.11},\"Rotation\":{\"x\":351.3573,\"y\":158.840546,\"z\":335.1593},\"State\":1},{\"ObjectNameId\":\"World.KnightV.05\",\"ItemId\":630,\"Position\":{\"x\":1285.29871,\"y\":228.157,\"z\":-725.347},\"Rotation\":{\"x\":354.536316,\"y\":258.733917,\"z\":33.54773}},{\"ObjectNameId\":\"World.KnightV.06\",\"ItemId\":630,\"Position\":{\"x\":1106.58667,\"y\":87.5037155,\"z\":1622.528},\"Rotation\":{\"x\":353.512939,\"y\":186.727982,\"z\":59.38967}},{\"ObjectNameId\":\"World.KnightV.07\",\"ItemId\":630,\"Position\":{\"x\":1454.986,\"y\":192.25,\"z\":-417.372},\"Rotation\":{\"x\":355.17334,\"y\":306.921173,\"z\":323.681152}},{\"ObjectNameId\":\"World.KnightV.08\",\"ItemId\":630,\"Position\":{\"x\":-485.31,\"y\":128.368,\"z\":486.94},\"Rotation\":{\"x\":0.08705421,\"y\":213.052643,\"z\":54.72652}},{\"ObjectNameId\":\"World.KnightV.09\",\"ItemId\":630,\"Position\":{\"x\":-1177.635,\"y\":227.554,\"z\":-1697.917},\"Rotation\":{\"x\":0.430921555,\"y\":210.561981,\"z\":312.084717}},{\"ObjectNameId\":\"World.KnightV.10\",\"ItemId\":630,\"Position\":{\"x\":-973.578,\"y\":272.885,\"z\":-783.283},\"Rotation\":{\"x\":359.134064,\"y\":148.511169,\"z\":308.603241},\"State\":1},{\"ObjectNameId\":\"World.KnightV.11\",\"ItemId\":630,\"Position\":{\"x\":-472.11,\"y\":72.812,\"z\":-1643.805},\"Rotation\":{\"x\":358.67215,\"y\":271.981628,\"z\":324.2724}},{\"ObjectNameId\":\"World.KnightV.12\",\"ItemId\":630,\"Position\":{\"x\":1182.49,\"y\":42.067,\"z\":-1670.421},\"Rotation\":{\"x\":359.134064,\"y\":96.2756653,\"z\":308.603241}},{\"ObjectNameId\":\"World.KnightV.13\",\"ItemId\":630,\"Position\":{\"x\":-1132.82556,\"y\":278.821,\"z\":-1086.89417},\"Rotation\":{\"x\":356.135834,\"y\":114.3761,\"z\":40.2333832},\"State\":1},{\"ObjectNameId\":\"367b9475-ee5c-4573-97a1-c59798086d79\",\"ItemId\":630,\"Position\":{\"x\":-1030.01135,\"y\":227.34758,\"z\":-624.0561},\"Rotation\":{\"x\":20.6489468,\"y\":131.46402,\"z\":345.094879},\"RuntimeCreated\":true},{\"ObjectNameId\":\"5cc8ab07-1835-408b-9c6f-15e3c50d900e\",\"ItemId\":630,\"Position\":{\"x\":-961.089,\"y\":95.462326,\"z\":141.678955},\"Rotation\":{\"x\":0.475823849,\"y\":189.656937,\"z\":359.8985},\"RuntimeCreated\":true},{\"ObjectNameId\":\"7b7f27f6-0b3a-4296-a6ce-f5d63cb4688a\",\"ItemId\":630,\"Position\":{\"x\":-659.5959,\"y\":89.9082947,\"z\":-1455.64429},\"Rotation\":{\"x\":359.9723,\"y\":149.123932,\"z\":7.741808},\"RuntimeCreated\":true},{\"ObjectNameId\":\"5d0c68fd-69a2-4818-b98f-773b8c3eb94f\",\"ItemId\":626,\"Position\":{\"x\":1083.19141,\"y\":278.3301,\"z\":-105.3936},\"Rotation\":{\"x\":347.9785,\"y\":241.179825,\"z\":359.322052},\"RuntimeCreated\":true},{\"ObjectNameId\":\"fc91b3be-9436-4599-b866-7d79d37a5cd1\",\"ItemId\":630,\"Position\":{\"x\":-1103.19312,\"y\":96.83903,\"z\":1249.00183},\"Rotation\":{\"x\":9.572186,\"y\":181.111755,\"z\":359.887848},\"RuntimeCreated\":true},{\"ObjectNameId\":\"263125e3-6a9c-4cce-a36e-65b87e60799b\",\"ItemId\":626,\"Position\":{\"x\":-659.048462,\"y\":231.142578,\"z\":-847.356262},\"Rotation\":{\"x\":359.761841,\"y\":198.591064,\"z\":179.296768},\"RuntimeCreated\":true},{\"ObjectNameId\":\"f4d6b7a3-4b21-43aa-9ba0-27744d6f7688\",\"ItemId\":626,\"Position\":{\"x\":-657.0245,\"y\":229.139832,\"z\":-851.9255},\"Rotation\":{\"x\":7.88373,\"y\":17.3736134,\"z\":195.666031},\"RuntimeCreated\":true},{\"ObjectNameId\":\"2eb01eaf-42c5-44ca-b14e-8a6e3963b407\",\"ItemId\":630,\"Position\":{\"x\":-655.3224,\"y\":285.4693,\"z\":-749.1588},\"Rotation\":{\"x\":0.00114689139,\"y\":222.33522,\"z\":359.992828},\"RuntimeCreated\":true},{\"ObjectNameId\":\"de10a50c-ee43-48a8-a223-095c61aec970\",\"ItemId\":630,\"Position\":{\"x\":-711.286743,\"y\":180.507675,\"z\":-1047.62659},\"Rotation\":{\"x\":0.00529578049,\"y\":237.859833,\"z\":-0.00518806651},\"RuntimeCreated\":true},{\"ObjectNameId\":\"9a6ae75b-c2dc-4203-9238-2126d0a63198\",\"ItemId\":626,\"Position\":{\"x\":-659.999268,\"y\":222.601959,\"z\":-879.7018},\"Rotation\":{\"x\":9.629631,\"y\":109.282516,\"z\":170.253891},\"RuntimeCreated\":true},{\"ObjectNameId\":\"6357192c-ae6e-4002-9e67-6a901dae962d\",\"ItemId\":630,\"Position\":{\"x\":-30.9691772,\"y\":111.041748,\"z\":928.312},\"Rotation\":{\"x\":10.9749756,\"y\":127.64109,\"z\":359.88623},\"RuntimeCreated\":true},{\"ObjectNameId\":\"fcc4a441-8929-4d57-884f-d0d9d9f7044b\",\"ItemId\":630,\"Position\":{\"x\":-646.1489,\"y\":282.383545,\"z\":-625.9027},\"Rotation\":{\"x\":-0.0005420806,\"y\":183.0302,\"z\":-0.004272002},\"RuntimeCreated\":true},{\"ObjectNameId\":\"fe68b668-4598-40b0-adb3-aad7a9c988de\",\"ItemId\":630,\"Position\":{\"x\":-748.0948,\"y\":282.318,\"z\":-747.5729},\"Rotation\":{\"x\":306.728546,\"y\":66.84766,\"z\":253.394775},\"State\":1,\"RuntimeCreated\":true},{\"ObjectNameId\":\"2337398d-e036-4af8-92ce-cedd1b76c7a3\",\"ItemId\":630,\"Position\":{\"x\":-693.7868,\"y\":284.2555,\"z\":-752.299561},\"Rotation\":{\"x\":296.196625,\"y\":225.922958,\"z\":79.45284},\"RuntimeCreated\":true},{\"ObjectNameId\":\"23155ef6-2318-4318-8319-4270bf8d9bd4\",\"ItemId\":630,\"Position\":{\"x\":-716.9323,\"y\":282.022675,\"z\":-773.6692},\"Rotation\":{\"x\":-0.00403644424,\"y\":102.338463,\"z\":0.00295448583},\"RuntimeCreated\":true},{\"ObjectNameId\":\"6e6b1b50-86e5-4060-9a40-c03807c2dfb6\",\"ItemId\":626,\"State\":1,\"RuntimeCreated\":true},{\"ObjectNameId\":\"87d34839-5ec1-4b59-aba7-35f2e4833eec\",\"ItemId\":626,\"State\":1,\"RuntimeCreated\":true},{\"ObjectNameId\":\"bf4eefd9-5362-47b9-b26a-ad1e09ea376c\",\"ItemId\":626,\"State\":1,\"RuntimeCreated\":true},{\"ObjectNameId\":\"c240f7c3-0af4-47cf-b14b-0f490cd84ef0\",\"ItemId\":626,\"State\":1,\"RuntimeCreated\":true},{\"ObjectNameId\":\"db3fc759-dfe8-4ce8-960e-28aa240709c3\",\"ItemId\":626,\"State\":1,\"RuntimeCreated\":true},{\"ObjectNameId\":\"35d647f5-4d93-436e-86ce-b18e0f109f9f\",\"ItemId\":626,\"State\":1,\"RuntimeCreated\":true}]}"}}