{"Version":"0.0.0","Data":{"ZipLineManager":"{\"Version\":\"0.0.0\",\"Ziplines\":[{\"_anchorAPosition\":{\"x\":-611.488037,\"y\":257.7741,\"z\":-764.0192},\"_anchorBPosition\":{\"x\":-605.2186,\"y\":257.1369,\"z\":-755.5966},\"_canBeDismantled\":true},{\"_anchorAPosition\":{\"x\":-617.294739,\"y\":257.3489,\"z\":-773.4064},\"_anchorBPosition\":{\"x\":-638.865845,\"y\":290.49234,\"z\":-775.232056},\"_canBeDismantled\":true},{\"_anchorAPosition\":{\"x\":-648.260742,\"y\":290.4037,\"z\":-745.2598},\"_anchorBPosition\":{\"x\":-648.844543,\"y\":289.7942,\"z\":-719.3355},\"_canBeDismantled\":true}]}"}}